Recency,Frequency,Monetary
15,5,3113.89
27,3,5694.0650000000005
22,8,21613.8
12,4,6092.969999999999
3,4,7597.98
34,1,3984.63
16,1,1588.99
12,1,4623.32
13,6,20229.235
24,4,5816.72
17,5,14995.955
22,5,19846.905
39,2,1256.3850000000002
11,1,1037.595
18,5,12167.155
22,3,7599.085
12,6,11037.845
25,3,3102.84
18,5,5231.07
19,3,7434.44
10,4,8095.23
27,3,2183.48
14,10,21518.77
15,3,8983.650000000001
21,4,6070.87
12,4,1469.6499999999996
1,6,12530.7
18,3,9171.5
20,3,13063.31
10,2,1661.9199999999998
35,3,1949.22
22,3,7521.735000000001
25,4,11082.045
28,1,2844.27
15,3,5257.59
3,6,12376.0
20,2,9559.355
14,5,22136.465
14,2,3240.965
36,1,1255.28
18,2,6618.950000000001
23,7,5348.2
11,4,8822.32
16,5,12130.69
13,4,12875.46
31,4,10622.365
12,6,8711.82
22,2,6411.21
20,2,10028.98
19,1,5502.9
17,4,12750.595
10,4,5543.785
18,6,14372.735
25,5,18380.57
22,2,2819.96
21,4,11668.8
21,4,1186.77
37,2,3879.655
24,2,5347.095
13,4,12998.115
12,1,2302.82
15,9,1142.5699999999997
24,4,4558.125
20,1,2143.7
18,4,8273.135
13,4,10763.805
19,1,2532.66
14,2,6033.3
21,3,3838.77
13,2,11503.05
14,6,20114.315
17,5,7835.555
35,1,540.345
6,5,8905.195
13,4,8327.279999999999
34,3,5237.700000000001
18,2,8539.44
32,6,6150.43
14,5,8032.245
26,2,5406.765
14,6,10811.32
4,4,10970.44
31,4,11733.995
18,6,12175.995
12,4,15231.32
10,4,3181.295
14,5,13856.7
17,6,17328.61
21,4,5492.955
29,2,4804.54
12,5,10916.295
27,1,3752.58
32,2,7111.780000000001
13,6,6463.145
12,2,4722.77
14,3,3064.165
26,3,15090.985
15,6,5275.27
17,7,12021.295
14,2,5123.885
42,1,4038.775
14,4,18215.925000000003
28,2,2201.16
14,3,4617.795
19,8,14467.765
14,6,9664.33
13,6,25660.31
14,6,19846.905
16,2,6428.89
13,4,3333.785
13,4,4972.5
18,3,7815.665
25,4,8547.175
19,2,6318.39
3,10,16776.11
12,4,13120.77
11,4,5480.8
11,6,15536.3
17,2,1078.48
13,2,821.015
14,1,4836.585
27,1,116.025
19,5,9474.27
11,5,24713.325
13,1,404.43
19,3,2695.095
27,1,1034.28
22,5,8714.029999999999
11,2,7286.37
16,3,12833.47
29,4,8890.83
21,3,9858.81
11,3,14185.99
21,6,4574.7
9,3,7825.610000000001
19,4,9140.56
22,2,7774.780000000001
14,3,9748.31
26,1,3673.02
18,3,10263.24
14,7,5593.509999999999
17,5,16302.065
19,2,2267.46
13,4,13928.525
17,8,21063.51
17,3,8253.244999999999
17,1,575.705
18,6,11482.055
19,9,17829.175
0,8,24703.38
20,4,17960.67
30,3,3347.045
12,6,10180.365
19,2,5592.405
21,2,9420.125
29,4,10423.465
17,8,4502.875
16,3,10468.77
40,1,5337.15
9,10,13656.695
13,2,4685.2
21,5,17668.95
15,5,11184.81
22,4,5587.985000000001
13,6,12114.115000000002
24,3,7553.78
10,7,13265.525
12,2,8870.939999999999
38,3,8245.51
3,6,14240.134999999998
19,6,18683.34
10,4,10777.065
15,5,15336.295
11,6,15942.94
24,3,3147.04
13,1,1949.22
27,4,5412.29
29,2,8601.32
12,6,7697.43
18,2,4404.53
19,4,1421.0299999999995
12,2,6617.844999999999
23,1,2481.83
22,2,3047.59
15,3,13894.27
11,4,2489.565
10,4,12664.405
10,1,120.445
15,9,3848.715
17,3,9993.62
22,3,9279.79
15,8,13227.955
18,3,1743.69
11,5,18117.58
5,3,16582.735
22,3,6121.7
17,3,14236.82
25,5,15870.01
16,4,14821.365
19,4,2370.225
26,2,7202.39
19,6,11966.045
19,4,1920.49
22,3,11190.335
29,3,8230.04
22,9,9972.625
14,6,20317.635
20,3,6280.82
12,9,17151.81
14,4,5646.55
12,3,3515.005
39,1,5900.7
0,6,22440.34
20,3,9941.685
21,2,4829.955
12,5,8188.049999999999
30,2,10503.025
18,7,21627.06
14,7,16586.05
13,1,6060.925
13,3,11161.605
35,3,6390.215
21,8,11160.5
19,5,15050.1
16,4,3737.11
17,8,22239.23
11,6,12142.845
19,6,13254.475
40,1,3769.155
12,6,8379.215
17,6,9613.5
24,2,9291.945
21,8,18867.875
16,4,4594.59
11,6,7095.205
21,5,6498.505
14,3,16486.6
12,2,4287.4
26,1,2552.55
14,5,2656.42
35,2,2522.715
16,4,4067.505
15,5,12638.99
12,4,4656.469999999999
13,5,3592.355
17,3,2626.585
20,3,475.1500000000001
14,2,5202.34
23,2,3309.475
13,5,5213.389999999999
12,7,7534.995
23,6,11437.855
24,3,3806.725
13,4,12947.285
37,1,7276.425
31,4,12938.445
13,7,22229.285
15,1,1345.89
19,7,13545.09
17,2,11075.415
14,4,10625.68
17,6,18894.395
32,4,13295.36
38,1,132.6
19,6,14932.97
13,6,13074.36
18,3,7550.465
30,4,8359.325
14,3,4657.575
16,7,5976.945
29,3,9695.27
21,6,9577.035
12,4,11221.275
16,4,12745.07
15,5,12851.15
14,3,8865.414999999999
23,3,6268.665
17,4,5906.225
15,2,2937.09
27,1,1131.52
4,4,8225.619999999999
25,4,4302.87
17,6,10358.27
15,3,15807.025
12,5,14635.725
15,7,7347.145
18,5,2581.28
22,6,12826.84
20,1,787.865
41,1,4254.25
14,5,21095.555
24,5,12724.075
13,2,2681.835
27,5,14234.61
12,5,6740.5
9,2,1818.83
13,3,5787.990000000001
3,6,23417.16
14,4,11073.205
34,2,5447.65
21,3,8705.19
25,6,6800.17
36,3,5889.65
17,3,9105.2
26,3,1533.74
18,3,10874.305
11,3,8954.92
11,6,9896.38
43,1,1939.275
16,2,3273.01
12,7,15482.155
15,6,15298.725
43,1,1024.335
14,5,5621.135
13,7,18712.07
16,2,7962.63
26,1,1232.075
16,4,4896.255
2,3,10756.07
18,2,2130.44
29,2,2329.34
11,5,15594.865
17,3,5742.685
11,2,1486.225
17,6,14765.01
13,4,12446.72
12,2,3239.86
15,4,5668.65
20,1,1332.63
7,7,17188.275
25,3,11974.885
24,3,16320.85
14,4,7186.92
14,6,15330.77
14,4,5750.42
24,10,13507.52
16,7,11391.445
29,3,13650.065
15,3,7251.01
12,3,10411.31
21,4,7865.39
16,7,6772.545
35,1,1648.66
14,6,5207.865000000001
38,1,497.25
15,3,1113.84
14,5,13878.8
14,6,7869.809999999999
14,2,4391.27
18,2,7923.955
11,4,9927.32
4,4,16378.31
17,6,12114.115
13,10,13313.04
19,3,9107.41
22,4,7420.075
12,6,16467.815000000002
32,2,6926.14
20,4,6001.255
15,6,15805.920000000002
16,4,11011.325
10,3,2234.31
12,7,15382.705
14,4,12066.6
33,3,2143.7
33,3,4267.51
18,2,2222.155
19,2,8108.49
19,2,3944.85
23,5,7223.385
10,3,8394.685
17,3,3109.47
11,5,8855.47
16,4,5967.0
5,7,12629.045000000002
35,2,2323.815
12,2,6308.445
17,3,5885.23
15,4,8384.74
23,3,7796.88
19,3,7732.79
25,2,3589.04
14,7,1360.255
13,5,9748.31
21,3,2313.87
27,4,13153.92
41,1,1966.9
30,6,12709.71
23,6,9109.62
27,2,8531.705
20,1,3679.65
21,4,4463.095
17,2,2081.82
20,4,7527.26
21,1,1796.73
17,2,6161.48
15,3,5359.25
25,5,14944.02
13,2,6080.815
11,10,18989.425
25,4,8565.960000000001
25,4,356.9150000000001
7,7,12969.385
12,3,7117.305
16,5,12435.670000000002
16,6,17727.515
16,3,11330.67
12,4,9798.035
20,5,13704.21
15,4,10168.21
11,10,17962.88
13,1,2373.54
14,9,4155.905000000001
23,2,1362.465
13,5,12006.93
32,2,6922.825
23,2,5043.22
11,3,10049.975
21,3,2791.23
17,3,6812.325
20,6,7122.83
42,1,6287.45
12,2,4117.2300000000005
14,4,13875.485
3,6,11434.54
9,7,6401.265
12,10,16705.39
0,6,3692.91
3,8,15009.215
9,3,4574.7
22,5,10063.235
27,4,22651.395
26,2,1234.285
20,3,8918.455
12,1,4393.48
16,5,7614.555
22,4,10728.445
11,5,14798.16
28,4,7106.255
23,3,10231.195
35,1,6176.95
24,3,10070.97
15,6,20830.355
11,6,17739.67
12,6,10217.935
19,2,10729.55
21,6,13079.885
13,3,6892.99
21,5,3793.465
0,8,9876.49
16,5,7048.795
14,6,19277.83
13,5,12341.745
26,2,8688.615
3,3,11683.165
18,4,4129.385
18,5,8264.295
0,7,15361.71
1,3,10046.66
28,1,1642.03
12,5,15951.78
15,5,23781.81
25,4,20557.42
12,5,11237.85
0,3,4068.61
33,3,9779.25
17,8,16715.335
15,5,18194.93
14,4,10951.655
37,1,5657.6
10,4,1901.705
16,2,3550.365
11,10,9690.85
16,2,8579.22
19,6,14973.855
35,4,14387.1
14,5,12315.225
15,5,8069.815
22,2,3871.92
15,3,1105.0
10,2,1523.795
25,4,7484.165
18,3,6589.115
10,5,13806.975
33,2,4760.34
20,4,1845.35
26,6,24040.38
12,6,6011.2
23,4,6791.33
29,2,2251.99
25,3,2370.225
13,4,8265.4
20,1,901.68
23,3,5418.92
16,6,15213.64
40,2,9342.775
1,6,19731.985
9,7,13169.39
15,6,13138.45
16,5,20750.795
21,3,9154.925
16,5,8391.369999999999
23,2,9162.66
20,2,4586.855
21,5,6732.764999999999
16,3,10100.805
23,2,601.12
24,4,12983.75
21,2,5215.6
17,6,5731.635
10,6,12540.645
17,4,1573.52
34,2,7116.2
15,4,15995.98
12,6,18537.48
16,6,12859.99
11,5,11642.28
13,6,10431.2
21,2,2996.76
24,3,11503.05
13,4,11950.575
31,1,499.46
4,8,16043.495
12,3,1538.16
29,2,4442.1
13,3,5982.469999999999
21,1,6607.9
17,4,5775.835
28,3,433.16
12,6,10017.93
20,2,10477.61
14,4,6637.735000000001
12,5,15790.45
15,4,8094.125
16,5,4604.535
14,4,11195.86
11,5,10435.62
15,7,9312.94
14,8,15559.505
30,3,3943.745
13,4,6828.9
4,9,6388.005
15,5,9295.26
18,4,5797.935
37,1,552.5
10,6,8074.235
3,6,15612.545
29,1,1209.975
21,3,5098.47
12,7,13600.34
5,5,14752.855
3,5,4347.07
16,7,10695.295
11,4,4495.14
25,4,2720.51
13,8,15315.3
19,3,4026.62
17,4,13260.0
14,5,2340.39
13,3,4800.12
13,4,5333.835
12,5,5860.92
12,1,1428.765
17,2,2545.92
33,2,11961.625
18,7,7488.585
25,4,3444.285
26,5,8254.349999999999
24,4,2309.45
14,7,6502.925
18,4,4675.255
16,4,10829.0
14,5,11111.88
12,9,6150.43
11,4,8674.25
5,4,14161.68
13,3,1552.525
14,7,2480.7250000000004
13,5,9560.46
19,2,1244.23
37,3,7194.655000000001
17,7,6516.185
26,9,10317.384999999998
22,2,6710.665
14,5,13648.96
29,3,9729.525
9,3,5975.84
29,4,18488.86
27,4,4534.92
15,4,8415.68
11,9,12850.045
28,3,9414.6
15,4,6937.1900000000005
19,4,11324.04
11,8,5066.425
17,4,8349.380000000001
19,3,9095.255
12,4,8192.470000000001
16,4,7544.94
13,5,13440.115
6,4,11230.115
9,6,6075.29
30,4,4845.425
11,5,8590.27
3,5,5751.525
17,6,9079.785
18,3,4480.775
22,3,11643.385
14,6,4924.985
32,3,1710.54
18,1,3858.66
12,4,5174.715
11,5,7828.925
15,4,11434.54
36,4,4921.67
12,5,8701.875
19,2,4389.06
13,6,13741.78
3,6,10295.285
23,3,8558.225
18,7,18038.02
12,3,7601.295
26,1,392.275
12,5,9908.535
13,7,19209.32
16,5,12969.385
7,6,20134.205
20,3,4878.575
37,2,7910.695
30,1,2933.775
12,10,11475.425
13,3,14170.52
27,2,3867.5
22,3,10087.545
17,6,26252.59
9,5,9911.85
16,4,1082.9
29,1,2298.4
12,5,8821.215
22,6,1482.91
24,3,17687.735
19,5,2350.335
16,3,7705.165
13,4,1983.475
23,3,3133.78
25,4,3345.94
12,7,23700.04
23,5,19294.405
15,8,17823.65
11,2,1339.26
22,5,21113.235
25,2,5753.735
6,2,6680.83
14,3,7889.700000000001
15,4,16149.575
31,1,1308.32
10,4,12993.695
14,5,19564.025
12,4,7917.325
11,3,3169.14
16,2,8146.059999999999
16,2,1962.48
15,4,5622.24
15,5,3737.11
41,5,15283.255
21,5,3105.05
11,6,24260.275
37,2,6201.26
30,2,8132.8
25,1,7928.375
19,1,4793.49
9,4,9286.42
14,3,4631.055
11,2,5570.305
21,3,97.24
14,1,987.87
17,3,6409.0
28,3,1451.97
12,2,1350.31
23,3,9991.41
18,5,11476.53
13,6,16430.245
28,1,3863.08
12,7,7803.51
31,5,8607.95
20,4,8163.74
18,9,13252.265
34,6,13247.845
15,3,6726.135
30,8,7186.92
20,1,530.4
14,6,11763.83
28,3,3605.615
15,6,14115.27
19,4,19838.065
11,3,6600.165000000001
14,5,17918.68
20,7,3222.18
11,1,6574.75
14,2,5213.39
11,3,9864.335
17,2,3042.065
13,7,12936.235
19,6,11353.875
17,4,3242.07
13,5,3974.685
11,4,6907.355
4,6,15594.865
11,1,2105.025
11,2,3380.195
29,3,9353.825
13,2,3023.28
16,2,609.96
24,9,14011.4
11,7,4668.625
2,6,6489.665000000001
21,8,22.100000000000364
36,4,7666.49
26,2,4190.16
15,7,6625.58
33,2,3992.365
15,4,10364.9
30,1,1806.675
14,4,11654.435
32,1,6431.1
11,4,6523.92
16,6,6581.38
14,6,5465.33
23,3,16081.065
30,1,1591.2
15,5,18032.495
14,7,14949.545
14,5,2587.9100000000003
12,4,19891.105
19,3,5245.435
18,3,9868.755
14,7,16558.425
11,8,2128.23
15,2,5363.67
22,4,12106.38
14,3,8230.04
12,6,22746.425
15,9,13676.585
13,3,3751.475
21,3,3565.835
11,6,14919.71
20,6,15697.63
18,2,5190.185
23,2,3160.3
11,3,6484.139999999999
16,1,861.9
37,6,9880.91
13,3,2654.21
12,6,15972.775
41,3,8209.045
28,3,10273.185
15,4,15453.425
12,8,20564.050000000003
29,3,9935.055
16,3,5863.13
25,6,15278.835
13,6,5226.65
14,3,1120.47
26,2,8094.125
0,8,22569.625
31,1,744.77
13,4,15755.09
12,9,13219.115
22,4,6599.06
11,5,15328.56
12,3,7770.360000000001
17,4,12667.72
17,5,6549.335
23,4,5615.610000000001
23,2,1630.98
18,2,12621.31
27,5,12518.545
13,5,12859.99
2,5,15815.865
11,6,13204.75
19,4,4159.22
21,5,13681.005
11,3,6191.3150000000005
22,1,4959.24
10,2,3933.8
11,4,10284.235
11,4,12654.46
17,3,8606.845
9,3,6731.66
17,5,8473.14
16,4,6354.855
14,4,5186.870000000001
14,4,1661.92
14,2,6687.46
28,1,1597.83
20,2,3854.24
17,6,17333.03
16,5,9973.73
24,4,11135.085
12,3,7956.0
26,3,5982.469999999999
10,9,26251.485
17,5,11887.59
13,8,9561.565
36,3,3947.06
13,5,4037.67
13,7,9662.12
21,4,11058.84
17,5,8940.555
13,4,3406.715
20,5,1539.265
3,6,9298.575
12,5,9148.295
22,7,17740.775
12,2,3474.1200000000003
4,7,19314.295
2,5,12105.275
11,2,7326.15
0,6,10177.05
2,2,7021.17
12,2,3226.6000000000004
12,4,4863.105
13,6,16576.105
29,5,18639.14
16,9,23353.07
19,2,11789.245
43,2,5536.05
17,2,6416.735
21,2,4654.26
24,5,9335.04
12,3,8974.81
10,4,12388.155
17,5,12898.665
24,3,7253.219999999999
13,5,11076.52
10,6,7433.335000000001
15,7,7856.55
10,7,6463.145
12,5,14950.65
16,4,5166.98
19,2,7353.775
15,4,4144.855
12,6,14550.64
10,8,14771.64
12,2,8441.095000000001
22,4,567.97
13,6,669.63
14,3,4523.87
25,3,4931.615
11,8,14869.985
29,1,2302.82
14,3,11265.475
16,5,4469.725
21,6,17888.845
0,7,6458.725
12,4,14593.735
34,1,5741.58
10,3,3217.76
24,2,3169.14
14,3,13545.09
25,1,4289.61
0,6,12210.249999999998
13,1,2784.6
10,3,4237.675
13,2,8131.695
12,3,1376.83
12,5,18310.955
21,5,15887.69
24,6,5159.245
20,4,17037.995
16,2,4945.98
18,3,791.18
12,5,17556.239999999998
20,2,2187.9
17,1,5348.2
29,2,3819.985
20,3,4384.64
14,5,12219.09
31,2,4570.280000000001
20,2,2391.2200000000003
16,6,4061.98
12,5,12806.95
12,4,11566.035
12,3,7489.69
19,4,4008.94
23,3,13677.69
40,1,1322.685
32,2,1506.115
14,4,7975.889999999999
15,3,4813.38
14,3,8349.380000000001
25,6,23154.17
16,3,5784.675
21,3,13805.87
10,7,18380.57
31,3,8215.675
15,3,8154.9
14,2,3773.575
28,3,6182.475
13,4,13673.27
13,4,5107.31
25,7,18655.715
13,5,6780.28
12,6,10139.48
25,4,14203.67
21,1,379.015
18,5,10159.37
19,2,3634.345
11,6,8586.955
12,6,12085.384999999998
19,4,6176.95
39,2,5843.240000000001
23,3,8002.41
5,5,4633.265
28,6,8559.33
16,5,12271.025
26,1,396.695
20,4,7898.54
12,5,5575.83
12,3,979.03
21,4,8020.09
38,4,4418.895
7,6,12859.99
30,5,15129.66
28,4,6280.82
23,1,1016.6
21,6,1205.5550000000003
14,1,4320.55
19,2,7399.08
18,4,8268.715
18,6,15608.125
25,1,1160.25
22,4,14325.22
16,5,5529.42
23,3,8129.485
14,9,7687.485000000001
30,4,1359.15
29,3,4676.360000000001
26,1,607.75
17,5,18178.355
29,1,3580.2
34,6,24365.25
16,6,17201.535
19,4,13245.635000000002
16,4,11378.185
22,5,8599.11
17,8,12134.005
19,4,6880.835
27,3,6099.6
15,5,2718.3
13,5,5702.905
25,4,3654.235
11,9,24032.645
26,3,3910.595
39,1,2093.975
21,5,8329.49
27,3,12729.6
26,5,15470.0
12,4,7666.49
13,3,10619.05
6,6,6512.87
36,3,2061.93
15,5,24564.15
14,4,16592.68
23,3,3301.74
11,4,9943.895
18,4,7995.78
12,6,9084.205
27,2,6637.735
14,4,6216.7300000000005
13,5,13987.09
14,3,11405.81
4,6,12657.775
16,1,5154.825
5,4,2927.145
27,4,7401.29
14,10,20772.895
13,6,14287.65
38,1,322.66
21,3,2223.26
13,3,5227.755
15,6,10371.53
14,4,6370.325
15,6,13295.36
15,5,18471.18
25,2,10882.04
15,5,13998.14
3,2,1993.42
13,8,15892.11
40,2,2207.79
15,2,1180.14
14,1,2035.41
14,4,4097.34
19,5,5400.135
19,7,7783.62
22,4,145.8599999999999
23,6,7054.32
24,5,9245.535
23,2,7095.205
4,6,17665.635
22,2,6973.655000000001
33,2,4954.82
36,1,371.28
14,4,10369.32
15,3,13743.99
15,4,10166.0
18,8,16049.02
14,8,25857.0
12,5,6660.94
12,6,5496.27
32,2,8289.71
17,6,15734.095
12,5,16160.625
24,1,3748.16
26,4,7286.37
12,4,6932.77
13,5,13995.93
15,5,23758.605
28,3,7305.155
10,5,3591.25
14,5,8067.605
16,6,9805.77
18,3,10225.67
25,2,6761.495000000001
14,4,2959.19
20,3,6775.860000000001
18,3,16826.940000000002
21,5,11528.465
42,1,886.21
21,6,11052.21
20,3,5741.58
11,7,13421.33
14,2,5971.42
43,2,2461.94
12,3,5766.995
30,4,1796.73
26,3,8428.94
12,4,9631.18
23,3,10562.695
16,4,8154.900000000001
11,7,16588.26
17,2,2839.85
13,6,13941.785
30,2,9741.68
14,7,16239.08
40,1,1419.925
15,9,11196.965
1,7,8191.365
32,3,11817.975
4,2,4568.07
21,8,3124.94
38,1,2380.17
10,8,14307.54
21,5,9905.22
12,4,8732.815
23,5,4551.495
5,4,10673.195
17,3,5889.65
15,4,10080.915
12,6,714.9350000000004
23,8,17930.835
12,8,13443.43
18,3,4227.73
20,5,8073.129999999999
10,5,15323.035
12,4,850.8499999999999
21,6,11636.755
20,5,3422.185
11,5,12584.845
14,7,13772.72
10,6,14745.12
31,1,6381.375
21,4,4308.395
16,6,22854.715
16,6,25048.14
22,2,2408.9
12,2,3100.63
11,5,10738.39
16,2,7948.265
11,4,3569.15
29,1,2274.09
14,4,5152.615
12,3,8593.585
15,5,7989.15
14,3,2681.835
12,5,20255.755
21,4,10065.445
20,8,21094.45
13,5,16391.57
12,5,11120.72
14,3,4853.16
11,7,12990.38
23,4,8097.44
24,2,2863.0550000000003
24,3,3694.015
17,1,393.38
17,2,3400.085
22,6,6508.450000000001
19,5,7374.769999999999
7,5,11485.37
11,6,11122.93
15,3,877.37
22,4,10417.94
19,2,6537.18
2,8,10590.32
9,7,8316.23
12,6,12646.725
23,2,2835.43
14,3,13295.36
35,2,6874.205
25,6,7627.815
16,4,6143.799999999999
15,4,3906.175
24,3,3867.5
31,6,14076.595
18,2,1392.3
19,1,1288.43
14,7,18877.82
22,6,16594.89
24,2,6340.49
10,5,14205.88
16,7,10014.615
36,1,845.325
13,6,9889.75
31,4,10424.57
16,4,12175.995
28,6,5160.35
25,5,10882.04
33,1,1668.55
17,7,3184.61
29,4,10468.77
33,3,7460.96
14,7,14253.395
17,3,8988.07
16,7,22837.035
26,4,1677.39
14,5,13834.6
21,3,7150.455
17,2,8087.495
16,2,6441.045
15,8,25817.22
13,2,8506.29
10,4,7351.565
14,4,16145.155
18,7,16137.42
13,5,9375.925
13,5,8239.985
23,3,10727.34
10,7,9877.595
31,6,12615.785
16,4,4373.59
17,7,11114.09
23,3,5447.65
16,2,6431.1
20,3,6342.7
22,3,7248.8
31,5,9494.16
16,5,15793.765
26,4,5812.3
15,7,13927.42
19,5,3274.115
17,6,8793.59
20,3,11021.27
19,4,6083.025000000001
20,4,13789.295
20,5,9989.2
13,6,19064.565
31,4,6580.275
13,8,16329.69
5,6,10053.29
12,3,4455.36
21,8,7456.54
39,2,4274.139999999999
28,4,7449.91
18,5,3338.205
12,2,5186.87
11,8,10739.495
16,5,12304.175
20,2,7112.885
16,5,18602.675
16,5,7142.72
25,1,1582.36
17,5,10180.365
25,4,6256.51
12,4,5517.265
13,6,14285.44
21,1,4349.28
14,7,12257.765
13,8,13355.03
12,3,3151.46
15,3,2897.31
14,6,21817.12
28,1,1326.0
12,8,13555.035
20,4,15561.715
16,2,5062.005
12,9,9244.43
22,7,11187.02
2,4,5331.625
13,2,5071.950000000001
10,4,13140.66
13,4,10989.225
30,4,840.905
15,3,1184.56
0,8,23679.045
12,4,4734.925
15,4,17249.05
4,7,3707.275000000001
11,3,1611.09
22,5,5526.105
15,5,6302.92
15,4,9861.02
18,5,13782.665
37,4,8771.49
10,3,4455.36
2,5,10403.575
13,6,11564.93
33,1,5790.2
11,4,10617.945
34,3,4160.325
15,3,9930.634999999998
20,6,18516.485
14,2,3635.45
10,3,6618.95
13,3,6610.110000000001
12,8,8469.824999999999
30,3,5286.32
18,3,5054.27
26,7,16773.9
16,5,6738.29
36,3,10124.01
36,2,1655.29
28,3,7137.195
28,4,682.89
10,5,9961.575
27,4,7462.065
10,2,1632.085
12,8,9415.705
32,2,4159.22
13,7,16155.1
38,3,1530.425
13,3,364.6499999999997
33,1,1181.245
21,5,21117.655
12,5,5889.65
25,4,5856.5
11,2,5620.03
13,3,5182.45
24,5,9170.395
18,3,7837.764999999999
13,4,2528.24
34,1,3259.75
14,2,5066.424999999999
10,3,6404.58
19,7,7468.695
2,1,3787.94
22,2,3720.535
13,5,11946.155
25,2,2843.165
17,6,5070.844999999999
17,3,1011.075
11,6,7300.735
41,2,5380.245
13,5,13681.005
17,4,12240.085
28,1,954.72
15,7,20366.255
13,4,10128.43
19,2,5165.875
20,4,7265.375
14,4,14243.45
13,4,6671.99
15,4,3443.1800000000003
19,3,13378.235
16,3,6441.045
12,5,7824.505
15,3,10663.25
25,2,7275.32
29,6,21402.745
10,5,8255.455
30,2,5144.88
38,3,6722.82
19,5,11068.785
38,1,3397.875
16,5,11016.85
32,2,7616.764999999999
2,3,12153.895
11,7,11771.565
15,4,10946.13
17,2,6100.705
14,4,8065.395
18,4,7940.53
32,3,9452.17
10,4,14595.945
30,2,6268.665
15,7,6780.280000000001
16,4,4554.81
12,9,12794.794999999998
11,4,3089.58
23,2,9551.62
10,6,479.57
17,4,18961.8
32,2,1520.48
20,4,8936.135
18,2,3247.5950000000003
21,2,4563.65
15,5,17306.510000000002
11,9,16649.035
20,5,12767.17
12,8,15250.105
15,3,3679.65
12,5,18577.26
13,4,995.605
11,4,10474.295
12,3,10016.825
32,3,8232.25
27,3,1922.7
11,3,5795.724999999999
17,6,14157.259999999998
12,2,7242.17
11,4,21858.005
15,6,11279.84
18,3,6163.69
31,4,17356.235
1,9,25852.58
12,3,733.72
24,4,2024.36
12,8,12196.99
22,3,2930.46
6,4,10569.325
28,3,3785.73
12,6,23524.345
8,2,8203.52
14,3,5258.695
1,3,1204.45
17,6,20401.615
19,6,22641.45
11,4,9027.85
15,3,13445.64
14,7,21472.36
15,2,8572.59
15,6,21686.73
8,7,14654.509999999998
15,4,16768.375
29,3,10551.645
13,8,2221.05
33,5,12959.44
20,4,2910.57
21,2,6895.2
14,3,12413.57
16,3,4239.885
12,9,20972.9
32,2,9623.445
2,3,4103.969999999999
21,5,7463.17
14,4,6006.78
10,9,19790.550000000003
17,5,5383.56
1,2,8139.43
29,1,2350.335
27,3,12109.695
27,4,4795.7
2,5,13472.16
18,3,4043.195
23,6,13824.655
21,6,14648.985
16,3,6444.36
18,3,10940.605
18,2,6571.435
17,4,15104.245
23,4,7020.065
37,1,1966.9
12,3,4731.61
13,6,4059.77
19,4,4223.31
32,3,575.705
12,9,15808.13
11,5,813.28
18,5,11662.17
2,7,12737.335
4,3,11279.84
15,4,16187.145
11,6,14976.065
22,2,5423.34
20,7,8191.365
17,7,16304.275
7,7,3100.63
13,7,12275.445
15,3,6144.905
9,3,6762.6
15,4,10129.535
10,1,3739.32
17,5,5885.23
15,5,7666.49
10,5,5123.885
19,7,10574.85
15,8,9989.2
10,3,9211.28
10,6,6870.889999999999
8,5,10318.49
25,2,3218.865
17,4,19146.335
21,3,2772.445
26,3,4129.385
38,3,198.89999999999964
14,2,8453.25
24,5,11582.61
14,3,14612.52
21,3,1003.34
21,4,2331.55
40,1,4026.62
12,3,3752.58
13,6,13176.02
15,2,2490.67
30,3,5037.695000000001
12,5,9069.84
6,5,14242.345
17,9,8177.0
12,6,20832.565
26,1,2797.86
30,5,20754.11
16,5,10771.54
14,6,15970.565
13,6,7678.645
26,3,13359.45
0,4,6676.41
14,1,2649.79
34,3,7606.82
33,3,8395.79
30,3,13867.75
0,3,4540.445
15,1,2224.365
16,2,7712.9
18,8,14088.75
25,1,4481.88
14,2,7207.915
12,4,7927.27
16,3,6894.094999999999
19,3,1931.54
15,5,15891.005
25,1,4813.38
10,3,8439.99
26,5,9579.245
13,5,12342.85
20,4,10168.21
17,3,4502.875
11,3,5939.375
14,5,12268.815
15,5,4852.055
25,6,14374.945
31,4,8169.265
22,3,8380.32
12,4,13603.655
10,4,23314.395
19,7,5923.905
19,1,455.26
14,3,5770.31
14,5,8956.025
41,1,428.74
11,6,15347.345
26,5,8932.82
21,5,22387.3
19,5,5484.115
12,6,18908.76
16,5,17236.895
27,3,3247.595
25,4,4803.435
21,5,13527.41
14,3,9035.585
18,8,8836.685
10,5,7414.55
24,3,5925.01
16,5,8693.035
26,6,6689.67
21,4,10090.86
36,3,10688.665
15,5,7785.83
32,3,9909.64
17,2,2690.675
33,4,9044.425
20,2,5331.625
14,7,18240.235
12,2,8346.065
20,5,10554.96
14,3,13047.84
18,4,7046.585
10,4,12569.375
30,3,6063.135
1,8,10931.765
20,8,3931.59
11,5,3649.815
21,5,12957.23
16,6,13200.33
17,2,5697.38
19,7,15887.69
12,6,8328.385
17,4,12820.21
17,4,8173.684999999999
15,4,16950.7
17,2,4833.27
2,6,16948.489999999998
17,9,20494.435
12,4,11640.07
22,4,5056.48
14,5,16994.9
11,10,25452.57
28,4,13884.325
21,4,11768.25
21,3,4229.9400000000005
13,5,16647.93
25,6,4541.549999999999
15,4,16792.685
23,2,1880.71
24,4,9339.46
14,5,14952.86
1,5,15019.16
12,4,7752.68
42,1,5109.52
16,4,13036.79
14,5,16769.48
27,2,4406.74
6,3,10878.725
10,6,11087.57
0,10,24098.945
4,7,14120.795
30,3,6406.790000000001
14,9,22315.475
12,1,7514.0
15,10,6389.110000000001
8,8,18127.525
16,2,6718.4
15,3,4153.695
15,4,9063.21
18,7,16561.739999999998
15,2,4464.200000000001
17,2,4784.65
12,3,5393.505
11,4,5587.985000000001
15,5,8689.72
29,4,3701.75
14,3,9511.84
14,8,9213.49
19,4,15573.87
17,1,3500.64
15,5,11078.73
10,4,17820.335
25,8,8921.77
17,6,24026.015
12,7,11073.205
12,8,9034.48
17,5,15290.990000000002
20,2,5860.92
4,7,16199.3
18,4,5675.28
26,2,8890.83
9,6,5653.18
14,3,8436.675000000001
10,4,6926.14
30,2,6437.7300000000005
19,7,21427.055
21,1,3721.64
38,3,13231.27
12,5,7160.4
8,3,6838.845
13,3,7072.0
34,7,8062.08
23,2,3633.24
19,4,17979.455
26,4,9328.41
12,4,3228.81
6,8,10293.075
4,5,13012.48
12,5,14528.54
20,3,6338.280000000001
15,2,2882.945
12,10,18193.825
13,3,9047.74
13,5,2134.86
14,8,13266.63
23,2,6301.8150000000005
16,4,12528.49
17,5,6929.455
14,3,12293.125
24,3,8777.015
14,3,4470.83
12,7,12858.885
14,8,23422.685
29,4,9154.925
22,2,7217.86
18,6,12117.43
18,4,9007.96
10,5,16405.935
34,6,12341.745
15,6,12349.48
12,5,9266.53
12,4,5370.3
11,2,8877.57
19,2,5420.025
25,4,942.565
24,5,9361.56
14,2,980.135
10,7,13342.875
11,5,14855.62
25,4,10020.14
26,2,7497.424999999999
14,4,3347.045
36,2,6742.710000000001
12,6,18324.215
20,4,8967.075
26,4,5213.389999999999
18,2,9210.175
8,9,11048.895
15,4,10785.905
0,5,10215.725
11,7,10221.25
23,3,8288.605
21,6,13658.905
12,3,9964.89
7,7,11498.63
11,5,7031.115
21,3,3655.34
20,4,3703.96
11,4,3885.18
25,6,4026.62
14,2,4033.25
13,3,5928.325
21,3,3614.455
10,10,25540.97
10,10,8445.515
20,5,11899.745
11,7,6876.415000000001
0,3,7922.85
13,4,11898.64
12,3,607.75
13,3,3381.3
16,4,9779.25
13,3,5975.84
16,2,1499.485
20,4,13809.184999999998
10,8,13935.155
27,4,4397.900000000001
14,4,5099.575
14,2,6806.8
1,5,15790.45
14,3,3328.26
11,7,20861.295
19,4,4428.84
15,4,8317.335
13,3,1727.115
31,1,2625.48
25,1,734.825
34,1,1655.29
32,1,110.5
37,1,1365.78
25,3,4779.125
18,3,1096.16
1,4,13145.08
14,3,6791.33
10,5,3139.3050000000003
21,7,11624.6
24,6,9517.365
16,4,17499.885000000002
37,2,3707.275
16,2,8414.575
12,4,8732.815
23,6,15693.21
23,1,6585.8
10,3,7080.84
21,8,8027.825
13,3,13331.825
12,6,13359.45
16,3,7480.85
17,2,6749.34
27,5,6316.18
15,4,13820.235
14,8,8802.43
14,6,4000.1
28,2,3549.26
15,10,10094.175
24,4,13725.205
21,3,6477.51
13,5,13331.825
11,4,7607.925
20,1,573.495
16,5,6474.195
17,5,11906.375
16,6,8086.39
40,3,5709.535
14,6,17570.605
15,4,9105.2
19,5,12315.225
18,3,9114.04
16,4,1693.965
34,2,3270.8
12,6,13585.975
14,6,4137.12
21,6,8664.305
22,6,12909.715
13,4,8070.92
14,6,21959.665
12,7,14761.695
21,5,9821.24
14,2,5028.855
26,3,10388.105
12,3,5516.16
21,5,11951.68
18,6,15071.095
16,7,8054.344999999999
13,4,12900.875
23,3,4884.1
12,5,10959.39
12,5,11168.235
12,5,12758.33
12,4,15686.58
11,7,14425.775
15,3,3635.45
6,1,760.24
18,6,12124.06
16,7,22192.82
32,3,3431.025
16,3,11637.86
22,6,18628.09
31,2,3457.545
11,8,21834.8
9,3,13397.02
36,2,5793.514999999999
19,8,14168.31
12,7,9659.91
15,6,17350.71
12,3,5975.84
26,7,4492.93
23,6,10887.565
20,2,1416.61
21,2,7036.64
12,9,16594.89
26,1,1836.51
17,4,5229.965
12,4,5464.225
12,7,10868.78
13,3,3139.305
15,5,19312.085
10,5,16971.695
27,6,13285.415
32,2,3787.94
15,5,10587.005
19,6,10135.06
11,5,12862.2
36,1,1363.57
15,5,10653.305
29,1,3374.67
26,2,6478.615
14,8,15212.535
42,1,2347.02
16,4,1201.135
22,3,2550.34
18,6,9811.295
11,4,5759.26
42,2,3342.625
43,3,3132.675
12,6,7567.04
18,3,5227.755
22,5,9781.46
1,7,10362.69
14,6,17025.84
12,4,6618.95
20,3,7417.865000000001
18,7,11084.255
24,8,22188.4
16,3,9204.65
11,5,1989.0
14,5,15099.825
33,1,1089.53
39,1,633.165
17,2,6992.44
18,3,6074.185
14,1,904.995
30,6,9631.18
14,5,6796.8550000000005
14,8,17114.24
16,2,7404.605
38,2,4278.56
15,8,14536.275
14,2,5013.385
17,5,13810.29
16,3,1077.375
15,1,243.1
17,6,8177.0
11,8,19910.995
11,9,10641.15
14,7,12693.135
13,6,15779.399999999998
23,1,950.3
21,9,10559.38
14,3,7560.41
14,7,3121.624999999999
14,8,19566.235
36,3,7931.69
18,4,20078.955
21,1,3187.925
13,4,10647.78
13,3,7606.82
17,2,5494.06
13,7,6448.78
39,1,6221.15
12,4,10127.325
29,3,288.405
3,5,11250.005
30,5,7066.475
29,1,371.28
20,5,15688.79
36,3,17968.405
29,5,1937.065
11,5,8080.865
17,10,17310.93
16,5,17987.19
25,2,2059.72
13,6,10305.23
12,4,17515.355
18,4,8371.48
20,3,12483.185
22,4,18579.47
42,1,654.16
17,2,10228.985
23,2,1440.92
14,6,18375.045
12,3,8049.924999999999
28,3,4488.51
9,10,14308.645
13,2,3244.28
9,9,20549.685
25,3,8329.49
13,5,5883.02
16,3,13446.745
8,4,8361.535
0,3,4843.215
13,8,13376.025
23,9,16684.395
22,6,23001.68
13,4,10809.11
22,6,15651.22
17,6,16654.56
17,6,5153.719999999999
14,3,6632.21
26,5,5187.975
13,4,7806.825
30,2,4862.0
11,7,19747.455
42,2,4302.87
12,4,7308.47
18,8,19196.06
20,4,19905.47
15,6,4092.92
5,1,544.765
19,3,7775.884999999999
19,7,12742.86
20,3,11091.99
18,6,10803.585
13,1,4225.52
31,1,2892.89
11,6,4825.535
0,6,5791.305
19,5,8819.005000000001
11,2,8959.34
12,2,4534.92
31,2,2492.88
12,6,16337.425
16,6,15358.395
12,4,11713.0
23,3,12129.585
0,6,15507.57
12,3,13732.94
27,2,11659.96
3,9,8638.89
12,2,6088.55
11,4,10761.595
11,4,7384.715
41,1,1167.985
6,2,6879.73
12,10,11385.92
15,7,10051.08
14,3,3201.185
12,4,6824.4800000000005
26,4,6797.96
16,8,12529.595
16,4,4402.32
13,2,11875.435
15,6,8836.685000000001
15,3,2309.45
20,2,1100.58
25,5,12947.285
34,1,301.665
12,2,9083.1
14,6,1506.115
23,4,14369.42
3,3,6060.925
38,2,6734.975
26,4,1301.69
17,4,12395.89
11,5,13020.215
21,3,9876.49
37,2,11602.5
28,1,1377.935
14,5,10253.295
11,7,11187.02
14,6,5709.535
19,4,11485.37
16,5,7501.844999999999
22,1,7060.95
11,2,4110.599999999999
16,4,12042.29
12,4,11843.39
21,3,5018.91
16,4,8133.905
20,6,1117.155
1,6,17050.15
22,6,9483.11
14,6,19251.31
27,3,291.72000000000025
28,5,6862.049999999999
25,3,6257.615
14,2,4992.39
14,2,2555.865
13,6,5109.52
17,4,9784.775
11,5,4571.384999999999
19,7,9548.305
12,2,8418.995
10,5,16605.94
18,3,12735.125
13,1,2807.805
18,4,12590.37
11,7,14340.69
22,4,5275.27
15,6,12724.075
16,3,8351.59
15,7,10802.48
26,5,8688.615
13,9,14709.76
15,8,4842.11
19,5,6582.485000000001
26,2,7230.014999999999
17,5,5824.455
11,7,24327.68
24,3,3740.425
14,1,6161.48
22,2,4768.075
4,3,11447.8
14,5,10770.435
31,2,4288.505
5,3,3459.755
25,5,17513.145
15,6,7920.64
13,2,3351.465
13,5,10500.815
10,1,3431.025
18,3,1991.21
19,6,15854.54
26,7,9363.77
34,2,7033.325
15,5,8643.31
16,7,7225.594999999999
14,6,11333.985
23,2,1102.79
26,2,5210.075
27,2,1272.96
18,3,10809.11
22,3,2386.8
15,8,19764.03
14,5,18223.66
11,6,10696.4
13,8,14966.12
23,3,5362.5650000000005
2,7,18744.115
1,7,21550.815
6,5,5221.125
27,2,8035.56
39,2,1672.97
24,4,6907.355
24,4,4101.76
38,1,1407.77
3,6,17104.295000000002
13,4,2476.3050000000003
12,3,2926.04
4,7,16915.34
11,3,3871.92
26,3,7396.870000000001
27,1,2099.5
23,4,12829.05
12,10,15836.86
18,4,10709.66
17,5,5394.610000000001
34,1,616.59
19,6,12889.825
11,5,15896.53
11,5,9262.11
16,8,5946.005
12,5,11990.355
12,7,11006.905
26,7,12037.87
35,1,1594.515
17,4,7237.75
14,4,3412.24
12,4,3059.745
13,6,23862.475
11,5,20754.11
15,6,7815.665000000001
12,4,16881.085
12,6,5205.655
26,2,2846.48
14,4,1686.23
0,5,13236.795
21,5,22362.99
24,2,2053.09
35,3,3258.645
2,2,1464.125
14,4,10928.45
14,5,15747.355
20,5,18478.915
41,2,2040.935
16,4,5678.595
12,4,9011.275
16,4,7389.135
12,8,18298.8
14,6,5562.57
0,3,7548.254999999999
12,3,8088.6
19,3,12381.525
3,6,4436.575
11,7,5074.16
35,2,2975.765
15,3,3785.73
15,2,5468.645
2,4,5291.845
12,4,15879.955
15,9,8581.43
32,5,8352.695
27,4,9402.445
16,3,6639.945
11,5,13149.5
18,6,7266.48
21,4,17064.515
14,1,4654.26
12,4,5250.96
4,5,25662.52
9,5,6043.245
24,6,10766.015
16,7,17975.035
1,8,17854.59
23,4,15990.455
17,4,9161.555
18,6,15265.575
9,7,3003.39
17,3,4568.07
15,3,6905.145
10,4,6300.71
10,4,6492.98
14,1,1097.265
17,5,4530.5
10,8,12917.45
6,7,7236.645
6,7,16298.75
25,2,2843.165
15,5,19393.855
31,6,20255.755
25,3,14211.405
16,6,4418.895
29,2,12490.92
16,1,1629.875
14,5,12595.895
8,4,14338.48
28,2,7983.625
33,2,6337.174999999999
13,6,9724.0
2,6,4391.27
14,3,7571.46
22,1,3960.32
14,2,2702.83
24,5,6938.295
20,5,3245.385
15,3,7672.015
43,1,759.135
17,2,5026.645
25,4,6337.174999999999
11,2,8617.895
10,4,4382.43
17,2,4173.585
3,5,18372.835
21,5,3575.78
41,1,5922.8
14,3,7972.575
16,6,12374.895
17,5,16705.39
25,6,5355.935
16,3,492.83
27,4,4698.46
12,2,4846.53
12,2,6338.28
16,2,922.675
12,4,9347.195
16,6,21064.615
16,5,10063.235
16,3,12029.03
19,9,21158.54
18,6,8125.065
12,8,9374.82
18,7,13477.685
24,3,3053.115
7,4,8680.88
27,4,5270.849999999999
16,7,13598.13
16,3,15411.435
28,3,1795.625
12,3,8809.06
12,5,11043.37
12,4,3055.325
0,6,15759.51
17,4,11025.69
20,10,18707.65
36,2,7533.89
16,4,2911.675
27,6,9360.455000000002
31,4,9268.74
21,4,9301.89
17,4,6341.595
6,6,17408.17
3,10,14869.985
25,3,14282.125
19,5,11259.95
22,1,6143.8
17,2,5641.025
22,5,11078.73
36,2,3227.705
35,5,10636.73
40,1,7397.975
20,4,7468.695
19,7,8338.33
10,2,4306.185
43,2,3986.84
13,3,1792.31
20,6,20639.19
11,7,7725.055
14,4,6351.54
17,3,8879.779999999999
11,2,9848.865
26,7,16393.78
1,5,8348.275
32,7,6216.73
34,1,2875.21
25,4,15853.435
13,8,9425.65
11,6,15350.66
3,6,17039.1
12,7,14629.095
25,8,19144.125
10,6,4375.8
20,2,2277.405
18,6,5486.325
17,1,2745.925
20,5,11216.855
8,9,19512.09
7,4,14760.59
25,2,4544.865
15,4,7627.815
14,7,15046.785
13,5,9186.97
31,1,2658.63
22,4,8449.935000000001
3,8,8351.59
10,4,13214.695
14,5,5842.135
15,4,4786.86
13,1,4055.35
40,4,4137.12
18,7,13535.145
14,2,8726.185
35,4,7528.365000000001
25,3,3968.055
12,4,14073.28
16,4,14949.545
18,2,2256.41
17,2,5323.89
18,5,8727.29
13,2,9420.125
29,5,14093.17
19,2,8088.6
28,4,6624.474999999999
23,5,6423.365
12,5,8996.91
11,9,12461.085
10,6,20642.505
26,6,17612.595
26,5,12680.98
40,2,2811.12
20,7,7963.735000000001
20,3,391.17
21,4,9073.155
21,3,12415.78
19,5,4136.014999999999
26,1,3619.98
14,2,2994.55
14,6,8676.46
16,4,7542.73
12,8,24196.185
12,6,9859.915
13,2,1843.14
16,4,4312.815
8,5,2037.62
18,4,10570.43
9,3,644.215
19,3,2139.28
29,4,14877.72
17,4,11784.825
19,3,7015.645
17,6,11957.205
1,9,19510.985
12,7,13461.11
14,5,10855.52
14,4,6321.705
23,2,11668.8
20,5,13559.455
15,5,6561.49
37,2,8596.9
13,4,4402.32
17,1,4976.92
11,8,13873.275
13,4,5957.054999999999
11,7,18863.455
10,5,5769.205
12,9,6603.48
18,3,9509.63
16,5,4864.21
2,8,14616.94
29,2,1109.42
20,4,6406.79
32,3,2690.675
14,2,6854.3150000000005
25,3,9357.14
11,2,3106.155
26,2,2653.105
12,4,6992.44
13,5,3961.425
20,7,18355.155
3,7,13906.425
12,5,20587.255
8,4,10682.035
39,2,8591.375
10,10,12240.085
24,4,3081.8450000000003
12,5,17267.835
20,4,13367.185
16,2,1743.69
16,5,6839.95
19,1,3033.225
25,5,14791.53
12,10,14177.15
15,4,10349.43
12,3,3865.29
11,7,15537.405
8,3,1642.03
14,6,19063.46
16,6,13369.395
12,2,3502.8500000000004
15,7,18923.125
5,4,3231.02
13,7,12624.625
7,3,4534.92
21,5,6222.255
11,4,8348.275
29,2,2939.3
20,6,16212.56
12,2,3392.3500000000004
3,10,17196.010000000002
40,3,2075.19
38,2,1361.36
38,3,7374.769999999999
15,4,7730.58
17,6,22822.67
5,2,5898.49
21,6,18082.22
20,6,7361.51
23,7,7313.995
13,7,14536.275
15,5,10139.48
29,3,10128.43
40,3,6127.225
15,6,9417.915
26,6,14651.195
11,4,13678.795
12,4,7086.365
9,8,24254.75
27,3,9575.93
33,5,7894.119999999999
13,6,8740.55
26,2,4312.815
22,8,11638.965
9,9,22389.51
17,9,23871.315
12,10,20267.91
27,4,13562.77
14,4,3889.6
12,4,9046.635
21,7,11321.83
13,3,807.755
21,4,7839.975
11,4,9719.579999999998
33,2,2550.34
18,3,11853.335
16,5,16850.145
19,4,5284.11
19,1,387.855
23,4,10108.54
8,5,5310.629999999999
14,3,1643.135
40,4,2327.13
13,9,14862.25
27,4,6507.345
13,3,10066.55
30,3,8805.745
20,6,10209.095
35,2,5496.27
23,4,16850.145
11,4,12248.925
13,4,8855.47
32,2,5559.255
20,2,3501.745
16,4,4744.87
14,7,6214.52
23,2,1330.42
38,1,232.05
19,4,6199.05
18,5,18667.87
13,7,25775.23
28,3,7905.169999999999
40,1,1623.245
33,3,1359.15
9,4,5171.4
20,3,7175.87
13,2,3053.115
15,6,17535.245
16,3,822.12
11,4,6675.305
19,7,8199.099999999999
14,3,7517.315
23,1,5077.475
13,2,3717.22
13,3,1890.655
19,9,17383.86
12,9,16693.235
30,2,3185.715
30,1,1977.95
17,9,11420.175
19,2,3821.09
22,4,9520.68
14,6,14544.01
14,3,8543.86
24,4,12247.82
13,2,10121.8
16,4,6421.155
15,3,11279.84
26,3,2962.505
14,5,25074.66
13,5,6016.725
12,5,11061.05
16,6,15942.94
38,4,2729.3500000000004
13,8,10466.56
13,4,4085.185
12,7,24400.61
15,5,19358.495
24,1,3490.695
17,4,2738.19
11,1,6506.24
19,9,20156.305
21,6,10031.19
12,5,16693.235
22,5,14382.68
12,3,2825.485
25,4,8058.765
15,5,18264.545
13,7,3850.925
19,2,10437.83
27,4,8119.54
13,7,16187.145
15,8,12582.635
17,6,7169.24
15,2,3681.86
18,6,8120.645
12,7,12916.345
29,4,1739.2700000000004
13,6,2007.785
13,7,18591.625
22,3,10339.485
12,4,12283.18
10,3,7898.54
31,2,8733.92
9,7,7740.525
42,1,5994.625
24,4,13613.6
10,5,18524.22
27,2,5140.46
12,1,1406.665
6,2,7868.705
2,4,5844.345
11,6,7651.02
34,2,5793.514999999999
22,2,2498.405
15,5,14826.89
14,2,8674.25
13,2,1363.57
12,4,10403.575
16,2,2562.4950000000003
20,1,477.36
21,5,3438.76
23,3,4696.25
15,10,7867.6
15,4,1100.58
12,7,5060.900000000001
18,2,7045.48
24,3,10326.225
12,6,7880.86
16,6,14447.875
26,3,9314.045
12,3,5111.73
11,2,12716.34
27,3,6445.465
28,2,7014.54
15,4,14845.675
12,6,12643.41
24,6,17802.655
12,2,5696.275000000001
17,7,6183.58
10,6,18323.11
11,1,1362.465
21,2,2186.795
27,4,10079.81
13,3,3481.855
18,5,5432.18
14,4,15753.985
15,3,8186.945
16,4,12592.58
21,4,17991.61
12,5,9407.97
24,5,4115.02
7,6,8159.32
12,2,1438.71
16,5,16138.525
19,4,8856.575
19,3,4247.62
14,4,7950.475
7,10,22540.895
24,3,7564.830000000001
42,3,6254.3
12,7,19848.01
12,6,15205.905000000002
34,1,4200.105
7,4,3510.585
11,5,10678.72
38,2,5801.25
17,9,12332.905
33,2,10015.72
27,2,1934.855
16,8,9872.07
26,1,1674.075
12,9,21011.575
19,2,1655.29
14,2,2018.835
36,1,209.95
16,7,11229.01
31,2,3739.32
15,4,11024.585
17,1,1310.53
12,5,4752.605
15,3,1872.975
11,6,2843.165
12,4,9133.93
21,6,6544.915
19,4,5658.705
13,4,2382.38
42,1,3208.92
30,1,2646.475
6,2,8963.76
25,1,169.065
14,4,9318.465
27,3,6497.4
14,3,9034.48
19,2,7478.64
12,2,6613.424999999999
13,5,19453.525
20,4,8988.07
23,3,7203.495000000001
29,3,9932.845
11,3,6277.505
26,3,6168.11
19,2,3370.25
4,3,10266.555
13,2,2076.295
19,6,3488.485
21,9,5737.16
15,6,15739.62
15,4,8916.244999999999
5,7,13751.725
16,8,21588.385
12,3,11777.09
29,2,7201.285
10,5,19075.615
18,3,7654.334999999999
11,5,4757.025
35,2,3061.955
33,1,1277.38
16,4,4336.02
10,3,9193.6
15,3,3499.5350000000003
14,4,12578.215
33,2,6333.86
14,4,17856.8
32,2,4832.165
14,4,7936.11
27,5,2721.615
23,1,3222.18
31,3,13430.17
12,3,8531.705
0,5,11840.075
14,5,6917.299999999999
16,3,9296.365
11,3,9302.995
14,2,1174.615
29,1,1902.81
27,4,10673.195
25,5,13563.875
24,3,3480.75
13,5,10992.54
27,4,12057.76
36,5,6765.915
40,1,245.31
15,5,2169.115
15,5,18415.93
12,5,17646.850000000002
14,7,18257.915
22,5,11784.825
16,3,187.85
42,1,2229.89
11,4,9915.165
10,8,21514.35
39,1,2496.195
21,3,7490.795
18,2,6964.8150000000005
27,5,4393.48
17,8,21604.96
31,7,6695.195
19,4,3791.255
17,5,7272.005000000001
13,5,16971.695
20,3,5545.995
18,6,14762.8
14,7,16866.72
12,7,7470.905000000001
1,6,13446.745
7,6,12215.774999999998
23,1,266.305
13,7,9045.53
18,7,16524.17
11,6,14054.495
1,4,8201.31
35,1,7403.5
16,3,10978.175
14,9,16652.35
26,5,6909.5650000000005
13,8,16565.055
17,2,1849.77
11,4,9017.905
12,8,14807.0
27,2,7603.505
12,7,3674.125
40,1,3261.96
14,6,14179.36
12,7,13078.78
23,1,289.51
24,3,1403.35
18,2,1366.885
14,6,15595.97
15,6,13142.87
8,4,7120.619999999999
26,5,12271.025
30,4,7097.415
30,2,1334.84
16,7,9844.445
13,4,9622.34
29,2,8466.51
16,3,6576.96
20,5,7190.235000000001
28,2,11548.355
25,7,21494.46
36,4,10406.89
12,3,6862.05
40,1,2632.11
19,3,8241.09
19,5,6028.879999999999
25,5,15667.795
22,2,2517.19
30,3,8663.2
14,5,8510.71
13,8,13159.445
15,3,5665.335
11,5,12467.715
43,1,2088.45
14,7,10264.345
35,2,3562.52
14,7,21371.805
11,6,15344.03
32,5,17825.86
12,6,7251.009999999999
24,2,3538.21
19,4,17222.53
18,2,2182.375
41,2,6510.66
38,4,8353.8
41,1,1595.62
18,2,3096.21
16,5,4500.664999999999
12,6,5292.95
26,2,8175.895
14,4,7297.42
17,5,15019.16
41,3,3976.895
28,4,7375.875
23,4,6875.31
24,4,3025.49
13,6,16052.335
27,2,4229.9400000000005
24,5,2661.945
12,4,4555.915
20,5,8714.03
29,3,913.835
19,4,4855.37
33,2,9769.305
14,7,19127.55
35,2,7674.225
17,3,10204.675
18,2,5845.450000000001
17,1,1040.91
12,5,7668.7
17,4,4048.72
29,6,6778.07
29,1,3865.29
25,4,840.905
19,8,12363.845
9,5,7853.235000000001
23,4,9746.1
13,8,24727.69
13,2,8286.395
13,3,10247.77
24,3,4100.655000000001
16,5,12236.77
17,2,4306.185
16,2,3452.02
11,6,12569.375
29,4,2395.6400000000003
15,4,9905.22
11,4,4456.465
10,4,5568.094999999999
15,6,8337.225
38,3,6281.924999999999
11,5,5803.46
13,3,8098.545
18,3,2063.035
18,6,22349.73
14,5,11696.425
14,5,15692.105
12,7,13904.215
18,2,3263.065
2,7,19720.935
13,7,14563.9
15,4,12480.975
14,3,3709.485
14,4,4808.96
43,1,4431.05
23,3,4306.185
20,4,9763.78
14,8,20501.065
13,7,17856.8
21,1,1617.72
10,5,7120.620000000001
19,3,8231.145
16,3,10031.19
13,6,14713.075
13,1,651.95
25,5,6758.18
11,2,4399.005
14,5,8759.335000000001
12,8,15008.11
21,2,7753.785
30,2,3764.735
24,5,9117.355
14,5,5112.835
21,3,10002.46
16,4,6715.085
12,9,19916.52
19,3,10264.345
14,2,3860.87
13,3,2461.94
24,5,3998.995
13,3,7610.135
11,6,17176.12
6,5,10105.225
25,4,12097.54
13,4,8866.52
12,5,1642.0299999999995
11,7,18101.005
21,6,12687.61
11,4,15077.725
17,5,12947.285
15,5,11959.415
27,2,9954.945
14,2,5336.045
19,5,5372.51
15,1,1162.46
38,1,1271.855
12,5,14914.185
12,6,12068.81
27,5,19018.155
19,2,2429.895
15,5,6862.05
13,6,17036.89
36,1,742.56
13,7,13591.5
19,7,23002.785
21,7,19501.04
21,4,9442.225
7,6,18867.875
13,6,9834.5
13,7,8826.74
37,3,4353.7
11,5,3707.275
19,3,5368.09
15,8,10999.17
11,6,26224.965
17,7,12513.02
5,5,11706.37
21,6,7964.84
12,6,10661.04
22,6,3078.53
26,2,7550.465
17,3,11189.23
13,3,4311.71
11,5,7248.8
18,5,4973.605
23,4,7518.42
0,3,3037.645
19,5,6991.335
21,4,5133.83
13,6,7826.715
15,4,11738.415
20,5,9964.89
22,3,4560.335
7,2,9427.86
18,3,1955.85
22,5,13197.015
17,5,18262.335
16,2,1726.0099999999998
22,8,21625.955
33,1,672.945
20,7,14952.86
10,3,4658.68
15,8,20076.745
37,4,7313.995
21,2,11331.775
19,3,8869.835
22,4,10171.525
15,3,5295.16
31,2,12564.955
21,3,8086.389999999999
12,6,10404.68
18,7,12774.905
15,2,5976.945000000001
21,1,4684.095
14,5,2055.3
11,5,18624.775
20,5,12887.615000000002
13,4,5351.515
1,7,9321.78
0,5,10371.53
13,6,9970.415
13,4,8697.455
16,6,12993.695
18,5,14212.51
23,3,6196.84
20,5,10927.345
14,5,5591.3
10,5,10296.39
21,3,13278.785
36,3,6762.6
19,3,6402.37
41,1,6381.375
14,1,1540.37
25,1,3856.45
24,6,16902.079999999998
18,7,12904.19
12,3,12059.97
19,2,6487.455
11,4,10305.23
17,3,2382.38
22,1,4389.06
17,4,10090.86
15,4,7274.215
17,8,7962.63
26,5,3566.94
16,4,12132.9
11,3,6358.17
11,5,4372.485
11,3,7372.56
18,4,5016.7
26,3,10951.655
24,2,10312.965
9,5,5780.254999999999
15,5,8982.545
15,8,18905.445
11,6,13927.42
29,1,878.475
10,5,6707.35
14,4,10174.84
1,6,4850.95
11,7,19727.565
22,7,10312.965
26,3,10506.34
42,2,5990.205
7,6,13903.11
14,4,2035.41
10,8,9856.6
13,6,6057.61
16,7,23217.155
18,4,11549.46
12,5,6698.51
23,5,11116.3
15,2,5279.69
17,3,15076.62
10,5,14208.09
19,6,8904.09
39,1,5936.06
11,4,6304.025
20,2,4360.33
14,5,9411.285
39,2,6664.255
24,2,5801.25
35,3,6975.865
25,4,4814.485
30,3,6221.15
31,4,4814.485000000001
15,3,3748.16
18,5,12245.61
12,7,6301.8150000000005
19,3,4769.18
21,6,16083.275
24,3,4625.53
41,1,2965.82
32,4,5257.59
11,4,15670.005
13,5,14957.28
10,7,16946.28
20,3,8729.5
11,5,20612.67
12,4,8121.75
27,4,8284.185000000001
14,4,7828.925
21,6,10078.705
12,9,8535.02
37,2,4302.87
12,3,2128.23
10,4,9171.5
10,8,14068.86
14,1,1542.58
35,1,2628.795
13,9,6712.875
13,3,10601.37
9,5,1042.015
0,6,23683.465
11,8,16877.77
20,2,7992.465
12,6,12142.845
2,5,15509.78
15,2,5692.96
14,4,7552.674999999999
15,6,15684.37
21,2,4120.545
14,2,5901.805
18,5,11954.995
15,6,18209.295
22,2,5485.22
29,1,2342.6
13,5,11399.18
30,4,4815.59
5,8,10093.07
16,3,15765.035
17,5,7413.445
20,1,3547.05
15,6,16921.97
13,5,8199.1
13,5,8195.785
15,8,13301.99
13,4,9657.7
13,3,5921.695
9,6,13735.15
17,7,11191.44
11,4,8400.21
11,3,14415.83
11,5,20018.18
13,2,4831.06
41,2,4015.57
40,2,8058.764999999999
17,3,6949.344999999999
29,1,5900.7
13,3,2090.66
19,1,1701.7
25,2,2479.62
29,3,3448.705
35,3,7227.805
11,6,6768.125
19,3,5660.915
28,3,3770.26
20,2,8824.53
17,5,22680.125
17,6,8740.550000000001
12,7,19920.94
25,6,8383.635
21,3,937.04
12,4,10162.685
17,5,755.8200000000002
24,1,4972.5
11,4,7089.68
18,2,2332.655
30,2,3382.405
26,1,3470.805
36,1,98.345
21,6,8954.92
25,3,10277.605
19,4,25870.26
23,2,3737.11
16,1,241.995
12,6,10497.5
20,6,13047.84
13,5,12124.06
10,5,2935.985
11,4,3874.13
15,2,7476.43
16,9,8223.41
10,6,10325.12
7,1,2470.78
38,1,890.63
14,5,8003.514999999999
24,3,3963.635
8,7,15649.01
16,4,10496.395
42,1,433.16
10,6,15508.675
17,5,6982.495
14,4,11742.835
18,8,11975.99
21,4,5476.38
17,3,8989.175
20,7,5843.24
29,2,3813.355
19,4,5590.195
14,3,3755.895
24,5,10834.525
30,3,8267.61
14,2,3972.475
29,2,4782.4400000000005
21,5,13664.43
22,3,2575.755
23,5,16113.11
18,3,7770.360000000001
10,4,7142.72
24,7,15978.3
14,1,938.145
16,5,18688.865
18,7,8109.595
13,9,19211.53
13,1,2668.575
25,5,16401.515
34,3,9306.31
13,4,12758.33
24,1,234.26
18,2,6416.735
15,5,8080.865
14,4,8373.689999999999
13,5,16000.4
19,6,12879.88
10,1,2201.16
26,6,11251.11
19,3,17746.3
11,10,21086.715
11,5,15692.105
14,3,12553.905
14,2,9525.1
5,4,9803.56
14,6,4831.06
22,5,12581.53
13,3,5621.135
9,9,21209.370000000003
15,8,15804.815
39,1,1674.075
11,5,8929.505000000001
15,6,18123.105
14,9,17896.58
35,3,7212.335
10,7,6443.255
5,7,10368.215
24,3,4028.83
14,4,6169.215
11,9,17566.184999999998
34,3,9888.645
27,3,9936.16
15,3,5320.575
18,5,18210.4
17,2,5165.875
10,3,5298.475
12,2,5052.06
26,6,10040.03
13,4,8824.529999999999
14,7,9957.155
12,4,6988.02
15,2,3938.22
17,4,15620.28
16,3,6494.085
18,2,3049.8
14,7,14277.705
39,1,6400.16
21,4,15412.54
23,5,15316.405
12,6,2938.195
40,3,1286.2200000000005
17,3,5206.76
19,4,17734.145
12,7,5185.764999999999
23,4,5057.584999999999
15,4,2860.8450000000003
41,3,13020.215
11,4,10304.125
13,6,9653.28
18,2,2505.035
40,1,311.61
12,2,8759.335
10,1,4773.6
10,5,1830.985
17,3,6960.395
10,3,4061.98
33,2,5912.855
33,5,11616.865
17,3,6605.6900000000005
14,3,4989.075
0,5,13204.75
13,4,6354.855
26,2,1404.455
11,6,18979.48
15,4,15696.525
16,4,13745.095
15,4,7780.304999999999
20,3,9878.7
15,6,9849.97
7,3,3040.96
15,5,18009.29
10,4,7039.955
37,2,8779.225
14,5,11720.735
3,3,1987.895
20,1,1243.125
18,5,19919.835
17,4,3971.37
21,3,3909.49
6,2,4496.245
4,6,6388.005
17,1,523.77
13,5,11664.38
17,3,4513.925
12,7,7788.04
41,2,3487.38
11,7,15995.98
13,4,13299.78
22,4,8859.89
24,3,8988.07
15,4,6301.8150000000005
24,1,2479.62
13,4,4178.005
26,2,4647.63
13,6,15306.46
17,3,12331.8
20,5,15073.305
18,5,11573.77
12,4,1903.915
13,7,8048.82
5,5,11078.73
9,1,2974.66
12,4,10375.95
2,8,19688.89
23,2,8278.66
32,6,17668.95
24,2,9441.12
12,5,11538.41
2,5,9857.705
13,4,11166.025
12,6,13465.53
14,4,7455.434999999999
25,4,15371.655
17,6,6702.93
29,2,5249.855
10,7,12593.685
37,7,7768.150000000001
18,3,9511.84
5,9,11216.855
37,3,1480.7
18,2,6634.42
39,1,1991.21
33,5,11154.975
16,6,6716.1900000000005
11,3,4945.98
14,6,13093.145
10,9,9330.62
12,8,10993.645
17,8,14195.935
18,2,9806.875
11,6,12255.555
11,6,12945.075
21,8,20899.97
20,4,14163.89
20,4,14490.97
30,3,18673.395
18,1,934.83
21,1,4253.145
13,2,2703.935
28,1,3055.325
12,7,13707.525
19,2,7390.24
15,4,13046.735
15,8,12655.565
12,3,3808.935
25,4,17954.04
12,7,13367.185
27,2,9409.075
19,2,9234.485
27,2,5559.255
29,5,13260.0
18,6,13776.035
24,4,18205.98
16,5,11078.73
5,8,15476.63
13,8,19390.54
20,7,20131.995000000003
21,3,9003.539999999999
28,2,7039.955
14,8,4605.639999999999
10,6,11792.56
10,6,12448.93
26,3,11382.605
1,9,16639.09
23,9,8209.045
25,7,14248.975
16,4,4456.465
15,4,7023.38
24,3,969.085
31,4,1112.735
21,4,15240.16
11,6,17170.595
21,2,8389.16
25,3,5328.31
19,2,5383.56
24,6,9287.525
14,1,1651.975
39,4,7215.650000000001
23,7,12379.315
27,5,5827.77
25,2,9714.055
11,5,11288.68
27,7,11098.62
24,1,4680.78
12,4,15866.695
24,4,12803.635
11,6,9000.225
10,4,10214.62
22,5,11718.525
19,4,11158.29
14,4,17050.15
13,7,7074.21
39,2,4552.6
2,5,11726.26
13,8,15269.995
10,4,14002.56
14,3,3065.27
11,2,2022.15
23,3,9210.175
27,1,3404.505
31,1,2782.39
21,5,3995.68
18,5,4429.945
9,4,12824.63
12,4,3560.3100000000004
20,5,16031.34
13,6,2711.67
24,3,11421.28
34,3,8268.715
26,4,6537.18
12,6,15808.13
29,3,303.875
29,7,8796.904999999999
16,4,14051.18
11,6,15977.195
16,1,2994.55
24,6,12939.55
11,5,12713.025
21,5,16572.79
10,1,3177.98
18,2,1355.835
17,6,10583.69
17,4,4039.88
14,7,15919.735
12,3,4778.02
12,5,14227.98
23,2,3974.685
14,7,10574.85
10,5,17234.684999999998
5,6,14808.105
36,4,10654.41
29,1,779.025
6,5,7176.975
24,5,9300.785
11,5,6095.18
27,4,22105.525
14,3,10927.345
18,2,6189.1050000000005
0,3,11405.81
17,3,9772.62
22,3,1856.4
20,2,2226.575
16,4,13434.59
20,3,7518.42
16,2,2665.26
37,1,4916.145
37,2,4194.58
12,2,7298.525
26,3,14989.325
11,9,20932.015
12,8,16186.04
26,1,7812.35
15,4,17481.1
16,6,14149.525
20,3,4736.03
20,3,7331.675
15,5,14503.125
25,4,10967.125
11,9,24852.555
11,8,11548.355
15,2,2856.425
11,3,8714.029999999999
20,7,25885.73
12,3,5352.620000000001
13,4,7722.845
15,5,9509.63
16,4,10937.29
11,6,14221.35
27,5,6734.975
12,8,18282.225
21,4,20137.52
17,3,5860.92
11,3,13014.69
32,4,11245.585
16,4,10519.6
15,4,10737.285
22,6,10975.965
12,4,5226.65
21,3,1832.09
14,7,20867.925
17,3,438.685
20,3,12711.92
27,4,9480.9
25,7,14578.265
17,4,8490.82
11,4,1791.205
12,4,15791.555
25,3,10448.88
33,4,11427.91
4,2,5370.299999999999
23,3,9862.125
24,4,7268.69
9,5,6226.675
17,4,5879.705
31,4,7731.685
14,3,7140.51
13,6,8333.91
14,2,10610.21
13,2,5670.860000000001
22,4,10889.775
12,3,2048.67
12,7,13650.065
15,3,10145.005
12,4,2225.4700000000003
15,7,20095.53
27,4,10004.67
21,3,6484.14
22,4,15064.465
17,4,16392.675
42,2,5984.68
28,2,6370.325
11,5,20465.705
17,7,16887.715
18,3,1680.705
10,3,13024.634999999998
10,6,10927.345
10,4,8089.705
43,1,1193.4
18,5,8894.145
20,5,7414.55
2,4,11894.22
15,7,12226.825
21,6,24548.68
12,4,16676.66
13,6,14694.29
13,5,12629.044999999998
22,4,7897.435
19,1,1476.28
22,3,6003.465
18,2,922.675
13,6,16613.675
28,3,7173.66
11,3,2871.895
19,2,925.99
11,4,7057.635
16,2,10002.46
14,4,8530.6
12,2,7283.055
23,4,3449.81
18,5,10887.565
13,4,8269.82
16,5,13702.0
27,3,2484.04
13,4,12160.525
22,3,6058.715
29,3,7664.280000000001
12,7,19804.915
18,6,11530.675
27,7,11130.665
40,1,4856.475
26,2,9381.45
6,5,7262.059999999999
19,1,1226.55
19,3,3487.38
1,5,3232.125
38,2,5136.04
26,6,12111.905
11,6,22608.3
4,8,12408.045
11,7,19306.56
10,6,24111.1
15,6,7171.449999999999
25,2,2569.125
18,4,5754.84
17,3,6370.325
12,3,8880.885
18,2,2117.18
24,3,1801.15
32,1,958.035
12,3,6972.55
12,2,5597.93
13,2,3742.635
17,4,5101.785
3,8,12141.74
14,4,3972.475
34,2,3050.905
14,10,12173.785
3,8,6934.98
20,1,2712.775
16,3,16235.765
35,4,7497.424999999999
14,4,13253.37
35,1,1560.26
13,9,14410.305
21,6,8928.4
13,4,6180.265
16,5,13011.375
33,1,3593.46
15,6,15630.225
21,5,9125.09
25,6,9711.845
31,4,8621.21
14,6,12273.235
13,4,11969.36
4,3,6826.6900000000005
12,3,10351.64
14,9,16370.575
16,5,10736.18
9,3,7385.82
32,2,1667.4450000000002
12,4,9358.245
13,7,21862.425
23,3,3715.01
22,3,2607.8
17,6,8216.779999999999
18,3,13127.4
20,5,15294.305
4,7,19024.785
15,4,11417.965
36,2,5052.06
15,2,6726.135
22,1,1398.93
17,3,9352.72
16,2,6547.125
15,7,19861.27
16,7,16129.685
2,4,13684.32
27,5,5005.65
16,4,9941.685
12,4,9667.645
37,4,4389.06
14,8,4831.06
14,4,9750.52
12,6,9340.565
33,3,7848.815
14,2,2951.455
25,1,2350.335
15,3,12058.865
13,4,6716.19
13,7,14639.04
2,6,24572.99
15,4,9083.1
42,3,7831.135
27,1,4942.665
36,4,4942.665
12,6,6951.555
16,2,2106.13
16,2,7730.58
27,5,5662.02
14,4,15580.5
0,3,5668.65
31,1,912.73
17,1,890.63
42,1,1362.465
26,2,6106.23
23,3,4301.765
8,5,4867.525
26,4,7409.025
17,3,5707.325
15,5,9756.045
25,3,11756.095
31,3,10822.37
21,5,6010.095
30,4,9288.63
12,6,10858.835
11,2,2168.01
11,4,7747.155
12,4,12465.505
12,5,17687.735
7,8,10595.845
19,5,12160.525
14,2,5805.67
15,6,18745.22
28,2,3091.79
22,3,7581.405000000001
11,5,7278.635
13,8,11770.46
11,6,9622.34
20,2,1354.73
12,2,9853.285
12,3,3328.26
11,7,16286.595
14,4,6663.15
28,3,3848.715
12,7,23585.12
14,10,13888.745
17,4,3247.595
23,6,19901.05
19,2,4048.72
20,2,4675.255
14,4,3972.475
15,5,14434.615000000002
33,2,1959.165
20,3,2240.94
16,4,8895.25
16,4,1571.31
22,5,17582.760000000002
10,7,9952.735
15,8,10809.11
18,3,7215.65
16,2,2777.9700000000003
15,5,10519.6
14,1,872.95
3,3,8947.185000000001
13,2,4579.12
15,5,10211.305
18,5,11641.175
12,6,15139.605
43,2,3419.975
9,6,21761.87
19,1,1932.645
15,3,10091.965
14,4,5838.82
24,2,12343.955
13,6,22186.19
27,1,1635.4
15,5,22947.535
12,6,17786.08
35,2,2741.505
10,3,1613.3
14,1,142.545
5,3,8931.715
16,3,11171.55
11,6,13526.305
14,2,4928.3
25,1,3924.96
21,3,6820.06
17,8,2568.02
14,5,12815.79
12,2,9901.905
23,5,15252.315
1,4,14549.535
15,6,15317.51
14,7,13606.97
11,4,8894.145
15,5,11930.685
17,4,7778.094999999999
12,6,17921.995000000003
11,3,235.365
17,4,23087.87
15,4,14504.23
17,3,9089.73
16,8,10835.63
24,2,3274.115
16,9,9529.52
15,1,5839.925
19,4,7088.575000000001
23,4,5942.6900000000005
14,10,5463.119999999999
12,4,12008.035
16,8,14184.885
13,6,8644.415
14,6,11692.005
14,6,10754.965
24,3,5234.385
20,3,6330.545
17,4,5102.889999999999
34,2,7354.88
11,7,5078.58
26,3,7333.885
24,1,3191.24
24,2,5109.52
11,1,2240.94
11,4,13787.085
7,3,4276.349999999999
17,2,3929.38
13,3,3079.635
32,3,8441.095
28,1,3624.4
14,10,8356.01
23,3,6331.650000000001
15,4,11131.77
13,6,5170.295
19,8,15955.095
36,2,6767.02
10,2,8112.91
14,4,8748.285
27,4,13125.19
14,3,12993.695
29,1,570.18
17,4,8365.955
15,7,4176.9
17,4,5476.379999999999
12,6,10051.08
25,5,10704.135
12,6,15614.755
11,7,21366.28
16,2,2248.675
17,5,8927.295
35,1,703.885
16,3,2558.075
11,7,16531.905
31,2,1043.12
31,5,15872.22
12,5,12758.33
12,4,11156.080000000002
2,6,7726.16
3,10,14884.35
31,3,6245.46
15,5,14310.855
25,4,5100.68
23,3,12065.495
22,6,21179.535
12,7,21951.93
10,6,8007.935
23,3,5969.21
12,9,10935.08
19,3,14790.425
11,2,2623.27
19,4,1567.995
18,5,6895.2
43,1,207.74
12,7,19470.1
27,3,7814.56
16,3,5828.875
19,4,9123.985
21,3,8772.595
16,8,19733.09
13,5,24461.385
11,4,2475.2000000000003
26,3,11456.64
22,2,1764.685
13,5,8344.96
11,6,15947.36
23,6,9310.73
12,8,16224.714999999998
1,3,6122.805
24,2,7900.75
16,4,8132.8
21,3,4121.650000000001
12,3,7554.885
26,7,13487.63
20,2,4604.535
15,2,7907.38
11,1,7458.75
33,1,1825.46
13,6,14640.145
24,3,3150.355
12,5,8977.02
13,3,6676.410000000001
36,5,97.24
17,8,4484.09
15,3,14360.58
24,4,12882.09
16,2,4910.62
19,5,13330.72
24,2,10070.97
34,2,4738.24
9,3,4853.16
17,3,1647.555
11,5,14298.7
29,6,17139.655
17,4,12509.705
15,1,2249.78
35,1,3381.3
11,5,12377.105
25,2,6856.525
24,4,9890.855
16,1,4541.55
14,7,3995.68
15,6,8975.915
13,3,4751.5
17,3,3828.825
13,6,15113.085
28,4,5620.030000000001
27,5,7509.58
13,5,6094.075
22,4,5782.465
22,6,2661.945
23,7,14977.17
13,6,17988.295
21,5,16937.44
12,4,5471.96
18,6,9430.07
18,7,24115.52
16,8,22954.165
34,5,10731.76
14,3,13210.275
19,8,8572.59
17,3,8813.48
24,5,6546.02
11,2,5260.905
11,4,11658.855
13,3,5496.27
18,3,5281.9
0,4,3540.42
20,7,5028.855000000001
17,4,10624.575
14,5,9016.8
15,6,13949.52
31,3,9088.625
13,3,9873.175
12,6,8743.865
7,6,13148.395
34,3,12579.32
11,5,13516.36
17,5,7416.759999999999
13,4,6519.5
12,5,5330.52
25,4,7527.26
19,2,3608.93
23,3,5038.8
12,4,7116.2
29,2,3654.235
12,5,14881.035
23,5,15550.665
18,2,8781.435
18,4,8205.73
19,5,15340.715
16,2,4511.715
33,1,371.28
20,4,7754.89
24,3,2576.86
19,5,13688.74
14,2,2427.685
2,3,12303.07
13,6,17763.98
15,6,20625.93
27,1,2344.81
15,8,13143.975
3,2,5475.275
23,3,10645.57
16,3,1571.31
36,1,1093.95
12,4,11778.195
23,2,5927.22
25,9,7504.055
12,6,6165.9
39,3,4482.985
13,3,4126.07
15,7,10968.23
29,3,9504.105
34,3,4144.855
21,4,8375.9
13,2,4713.93
14,3,8620.105
24,3,12594.79
42,2,3968.055
14,4,5131.62
17,6,14558.375
13,5,5973.63
12,7,15768.35
8,4,10696.4
19,2,2234.31
33,1,5657.6
21,4,6351.54
24,7,16190.46
11,7,13864.435
12,3,2165.8
43,1,4969.185
15,7,7862.075
12,6,8479.77
23,3,4204.525
20,3,4666.415
14,4,7092.995
20,4,12408.045
27,4,14744.015
17,7,9068.735
21,3,7199.075
13,8,19865.69
10,4,15052.31
35,1,3189.03
4,2,6653.205
25,4,16263.39
10,1,1047.54
21,3,948.09
25,2,7305.155000000001
6,7,13763.88
8,3,3655.34
23,7,10193.625
12,5,15657.85
18,4,6515.08
18,2,6930.56
14,9,14003.665
29,3,3177.98
32,2,3663.075
14,2,4839.9
13,6,14243.45
30,2,2539.29
13,6,15611.44
25,3,7627.815
15,7,20024.81
0,4,4837.6900000000005
6,8,25431.575
22,6,9830.08
13,3,15213.64
12,3,8565.96
12,7,20418.19
12,7,3261.96
29,3,15160.6
15,4,14990.43
18,2,2728.245
26,6,21546.395
27,3,8248.825
14,4,10730.655
17,3,7298.525
11,6,13164.97
26,1,4601.22
15,5,12519.65
13,4,10728.445
19,3,5460.91
15,5,3490.695
34,2,4234.36
12,7,13169.39
12,5,14937.39
22,1,2874.105
33,5,8744.97
7,2,3719.43
15,2,8129.485000000001
15,3,6602.375
14,7,10620.155
14,5,12030.135
27,3,5560.360000000001
18,1,1518.27
12,1,1989.0
15,3,2685.15
12,7,1861.925
37,1,5541.575
3,6,15057.835
24,5,7399.08
5,6,15241.265
40,3,4078.555
19,4,8784.75
16,7,16231.345
18,2,12476.555
28,6,15121.925
13,7,5880.81
22,5,12473.24
14,3,6517.29
6,6,19446.895
18,3,5299.58
18,7,2132.65
17,1,722.67
4,3,6674.2
24,8,21788.39
26,5,19840.275
19,1,709.41
1,6,7767.045
22,7,7285.264999999999
26,1,4326.075
13,8,14992.64
22,6,8424.52
14,5,11840.075
36,1,1717.17
11,6,6997.965
26,2,2834.325
20,3,8998.015
27,7,8329.49
17,3,15421.38
12,4,14931.865
24,2,4096.235
11,6,11276.525
23,4,1891.76
16,7,8790.275
5,5,19839.17
13,4,15630.225
12,3,10658.83
15,7,14019.134999999998
14,6,12705.29
15,5,1910.545
13,8,18560.685
11,5,17229.16
15,5,9861.02
24,5,13326.3
20,5,14188.2
14,6,11931.79
40,4,2126.02
11,5,4260.88
12,3,198.9
15,4,14732.965
22,2,3145.935
19,5,9879.805
39,3,1989.0
14,3,11846.705
32,3,2770.235
17,4,10363.794999999998
23,1,4075.24
11,8,3341.5199999999995
15,8,18787.21
8,2,6487.455
26,6,6572.54
19,3,7206.81
19,3,9676.485
14,5,10255.505
5,5,12237.875
38,1,2469.675
13,6,10073.18
15,2,7178.08
24,4,7902.96
11,4,11792.56
33,6,14439.035
11,6,16151.785
34,4,7994.674999999999
9,3,8732.815
11,6,17089.93
25,3,6601.27
17,4,6768.125
11,2,4124.965
16,8,3794.57
26,2,4277.455
28,4,12539.54
11,2,1721.59
12,3,11152.765
14,5,6402.37
19,3,1718.275
9,3,3010.02
7,6,10867.675
23,4,10360.48
11,5,14251.185
13,3,7752.68
18,2,6957.08
12,5,9672.065
12,3,1268.54
22,5,12205.83
28,3,2371.33
20,4,7676.434999999999
28,3,5821.14
21,6,20076.745
14,8,19091.085
11,5,6517.29
20,5,3880.76
15,7,5008.965
19,7,4467.514999999999
21,7,19086.665
9,9,11143.925
12,4,3980.21
16,4,2561.39
32,2,3937.115
12,5,7525.05
10,2,2322.71
28,3,640.9
14,3,11208.015
10,5,11951.68
15,3,10864.36
11,6,12372.685
29,2,6057.61
9,7,13290.94
5,4,13888.745
21,2,3383.51
17,3,4461.99
33,1,934.83
13,3,10203.57
23,5,10480.925
18,2,7447.700000000001
11,8,14494.285
11,7,17988.295
7,4,4813.38
13,3,7098.52
21,2,2138.175
15,5,4022.2
16,5,15684.37
21,2,1298.375
12,7,3622.19
43,2,5443.23
34,2,1430.975
24,4,6539.389999999999
18,7,11350.56
25,5,7826.715
32,4,4070.82
16,4,17435.795000000002
40,1,3257.54
12,7,13326.3
17,5,18293.275
15,6,5006.755
13,3,8378.109999999999
11,7,10423.465
16,3,2191.215
19,5,2401.165
12,5,7247.695
16,3,6353.75
20,7,17541.875
18,2,5971.42
11,5,8884.2
16,2,1719.38
34,3,808.8600000000001
19,4,4550.39
12,5,14989.325
16,2,5265.325
14,5,15736.305
12,4,5448.755
19,4,7809.035
30,2,8601.32
13,6,4043.195
4,4,17190.485
15,4,5732.74
12,6,4910.62
12,9,13215.8
15,5,5434.39
11,6,21705.515
17,3,9954.945
23,1,7094.1
19,3,10433.41
13,5,11179.285
20,4,13773.825
32,4,8648.835000000001
10,4,1289.535
15,4,17415.905
20,2,6687.46
15,7,13482.105
39,1,1453.075
16,3,5466.435
9,5,9111.829999999998
20,3,6427.785
15,3,7630.025000000001
35,2,8227.83
19,6,4499.56
24,2,3045.38
20,4,5186.87
30,3,6101.81
13,5,18340.79
27,3,3321.63
32,4,7951.58
14,8,17251.260000000002
22,2,6025.5650000000005
26,2,3491.8
20,3,224.31500000000003
23,2,2645.37
13,5,1942.59
18,7,12625.73
14,7,9212.385
16,4,7239.96
18,3,4084.08
24,4,6816.745
13,7,12002.51
12,2,2380.17
18,3,4034.355
4,6,9694.165
6,4,16940.754999999997
20,4,1941.485
13,2,6659.835
25,1,7541.625
20,4,3377.985
21,7,12155.0
21,2,3432.13
14,8,12698.66
11,4,4089.605
15,7,11188.125
17,6,15883.27
1,7,16289.91
17,3,4615.585
5,4,12484.29
31,2,2612.22
41,2,5958.16
17,6,9528.415
21,1,4491.825
26,5,15097.615
28,3,10219.04
17,6,18550.74
10,8,17047.94
11,6,17622.54
12,3,5039.905
19,2,2435.42
28,3,3817.775
21,4,13089.83
12,8,12777.115
32,4,1947.01
27,1,226.525
21,1,2519.4
17,4,14103.115
15,3,1412.19
4,4,15376.075
20,2,2789.02
13,7,3889.6
11,5,9312.94
24,5,5295.16
38,1,3049.8
16,6,9655.49
12,5,4464.2
24,2,1173.51
17,3,16576.105
30,5,5543.785
14,3,5375.825000000001
14,9,11094.2
13,2,4360.33
11,2,1762.475
13,3,9841.13
14,2,6112.860000000001
1,6,17151.81
30,2,11682.06
13,6,19206.005
27,2,6678.62
10,4,7856.55
16,9,7948.265
12,4,11416.86
18,4,15552.875
13,4,7220.07
11,2,10041.135
11,6,2976.87
24,3,8044.4
17,4,16020.29
22,2,1405.5600000000002
35,3,486.2
26,5,9466.535
13,3,7414.549999999999
15,6,20383.935
0,3,6341.595
7,6,9662.12
22,2,1918.28
14,4,3413.3450000000003
22,3,3506.165
16,6,8228.935
11,4,14255.605
27,1,3885.18
25,5,6543.81
17,5,12328.485
13,2,4797.91
35,1,1346.995
15,6,13055.575
24,5,4497.35
24,1,3916.12
22,5,7669.805
14,4,6890.78
10,3,7117.304999999999
24,2,4821.115
16,5,20349.68
4,2,2374.645
5,3,9885.33
9,8,6008.99
24,2,5215.6
14,4,9685.325
3,5,8817.9
10,5,10580.375
14,3,3794.57
29,2,2138.175
6,4,11633.44
14,6,12779.325
29,1,580.125
13,3,5513.95
5,6,18106.53
4,7,19725.355
28,2,2711.67
25,2,3194.5550000000003
22,3,7262.059999999999
15,6,24424.92
39,2,10632.31
14,4,7500.74
17,5,21004.945
20,6,15556.19
23,8,14696.5
14,1,6027.775
21,4,7817.875
11,4,3807.83
17,2,4035.46
28,6,16925.285
17,4,4833.27
15,8,10340.59
11,5,15666.69
12,4,4713.93
15,4,16419.195
12,5,14979.38
19,6,4549.285000000001
12,3,5519.475
25,3,5281.900000000001
16,6,10216.83
17,8,17067.83
29,5,3003.3900000000003
38,1,1935.96
16,6,24442.6
17,3,2201.16
18,7,16356.21
11,6,16383.835
13,8,10708.555
11,6,7732.79
15,3,9441.12
13,1,1425.45
13,8,12187.045
34,1,2945.93
22,4,14686.555
37,1,545.87
34,3,6376.955
41,1,1476.28
17,2,2934.88
29,1,1534.845
12,2,9701.9
21,5,12704.185
14,4,18357.365
2,2,3258.6449999999995
16,4,5569.2
18,3,1281.8
12,3,5614.505
33,3,17319.77
28,1,2735.98
12,4,13822.445
38,3,5848.764999999999
15,5,15944.045
33,2,3886.285
24,4,6326.125
11,8,6148.219999999999
18,3,4593.485
10,4,9921.795
19,5,16684.395
20,7,12124.06
21,5,4303.975
15,4,7890.805
28,1,544.765
7,5,10906.35
13,4,6038.825000000001
39,1,1509.43
12,4,4789.07
22,7,11654.435
21,4,10025.665
23,2,8550.49
15,4,17741.88
24,3,8254.35
31,4,8296.34
38,1,804.44
13,6,12210.25
0,2,5088.525000000001
15,8,17784.975
40,2,7212.334999999999
19,4,4891.835
10,6,11446.695
15,6,1614.405
11,4,3267.485
14,6,5154.825
11,3,4559.23
28,3,10145.005
35,1,2309.45
15,3,2983.5
14,1,729.3
43,2,2963.61
15,4,16693.235
21,5,5844.345
25,4,10432.305
11,3,5027.75
32,7,16715.335
19,1,2748.135
17,2,6374.745
17,3,7515.105
27,3,1446.445
11,9,10177.05
26,1,5718.375
21,1,2550.34
13,3,2468.57
12,4,2549.235
19,8,18120.895
35,3,9240.01
16,2,7561.514999999999
3,6,19393.855
33,2,9651.07
17,4,9500.79
25,2,2109.445
14,5,17720.885
0,5,15197.065
12,4,17949.62
14,6,10032.295
18,6,9038.9
23,6,16928.6
39,2,4132.7
14,9,21520.98
29,3,6102.915
9,6,19381.7
14,3,5976.945000000001
5,4,3801.2
27,3,3740.425
13,6,12349.48
12,8,18186.09
21,4,11632.335
17,2,1111.63
13,7,5934.955
23,4,12132.9
18,2,2230.995
16,8,17083.3
12,5,8484.19
23,4,5162.56
11,1,602.225
13,2,8056.555
18,6,20048.015
20,4,8415.68
4,5,19193.85
13,8,14559.48
16,9,12774.905
16,3,5520.58
12,2,13604.76
20,5,11019.06
15,4,2855.32
38,2,2933.775
20,3,14692.079999999998
30,1,8016.775
2,7,14895.4
18,3,4617.795
20,5,4282.98
31,4,3826.615
12,5,10028.98
2,7,8417.89
11,3,4781.335
17,6,15169.44
18,2,1021.02
22,1,4822.22
27,6,7783.62
41,1,313.82
19,4,7891.91
19,4,6755.969999999999
18,2,6790.225
26,1,4607.85
13,3,7514.0
14,5,9455.485
2,4,4166.955
12,9,20538.635
26,3,7415.655
33,3,3548.155
6,2,4052.035
12,5,6045.455
16,2,9163.765
19,3,8899.67
11,3,7381.4
4,4,11726.26
15,5,18554.055
17,8,22358.57
21,3,374.595
17,4,10149.425
20,2,6395.74
0,3,6762.6
15,2,1355.835
16,2,1485.12
16,3,5575.83
12,5,11973.78
29,2,6711.77
20,2,3846.505
31,5,8549.385
14,5,8897.46
30,2,2954.77
13,7,13613.6
15,5,20502.17
11,8,16431.35
15,3,5821.139999999999
7,4,13949.52
13,4,17478.89
21,3,4891.835
1,5,11027.9
22,3,1975.74
17,9,4055.35
11,7,3697.33
21,2,8901.880000000001
12,4,2693.99
12,6,16177.2
18,5,7952.685
31,4,15847.91
21,5,14780.48
11,6,18580.575
14,2,6544.915
13,7,17019.21
20,3,8235.564999999999
34,1,3679.65
15,5,13090.935
15,4,17864.535
12,8,9052.16
23,3,4130.49
27,3,5115.045
11,3,12164.945
15,2,9877.595
19,4,13469.95
10,6,15307.565
13,4,7898.54
18,3,10209.095
13,9,21550.815
17,2,4764.76
22,4,16434.665
12,8,9381.45
14,2,3407.82
1,6,4215.575
21,2,3805.62
38,3,4326.075
36,2,5646.55
25,4,12195.885
24,5,8696.35
41,1,1365.78
21,4,10587.005
15,5,2234.31
17,3,5277.48
10,6,15397.07
24,7,18880.03
14,6,8699.664999999999
13,4,11957.205
38,5,8342.75
37,2,4557.02
12,4,5437.705
41,1,635.375
21,2,2292.875
15,2,6041.035
12,8,14409.2
22,4,2771.34
18,4,5208.969999999999
14,1,5298.475
15,3,4106.18
11,6,14317.485
16,4,3970.265
11,4,3987.945
18,4,13142.87
40,2,6909.5650000000005
17,6,8200.205
12,5,9700.795
11,10,17272.254999999997
0,6,16257.865
34,1,4406.74
24,5,4256.46
14,3,9575.93
11,3,8020.09
15,4,11698.635
14,5,2997.865
18,3,4256.46
17,3,12932.92
14,1,965.77
13,3,643.11
18,1,4844.32
24,3,7032.219999999999
17,5,10434.515
18,4,3864.185
15,4,18938.595
13,4,6931.665000000001
27,3,10659.935
31,6,15974.985
28,7,16961.75
11,6,8548.28
12,4,10762.7
13,2,3771.365
11,2,8552.7
8,3,5880.81
18,4,11840.075
16,7,4500.665
32,3,10139.48
26,2,9498.58
33,2,5013.385
15,3,7015.645
10,5,9041.11
25,3,15056.73
28,6,9668.75
24,4,4199.0
19,1,3703.96
15,2,8511.815
12,3,7479.745
28,2,3794.57
9,8,15688.79
14,7,17402.645
6,1,2512.77
28,1,243.1
32,2,1653.08
6,1,3964.74
23,2,8014.565
22,6,12343.955
25,4,8802.43
17,7,20856.875
11,4,5073.055
11,2,1379.04
13,6,21897.785
14,2,6614.53
30,3,7696.325
15,2,1987.895
14,5,4657.575
17,5,11193.65
28,3,6889.675
21,3,11978.2
35,3,1969.11
18,7,10488.66
14,9,14241.240000000002
25,3,6802.38
19,8,19047.99
23,1,6381.375
13,4,8757.125
14,4,10490.87
13,4,7428.915
13,3,8172.58
25,6,11982.62
18,3,7375.875
12,3,8743.865
25,4,8227.829999999998
21,4,1408.875
21,3,3440.97
14,5,9215.7
2,7,17765.085
12,6,11931.79
18,7,8133.905
11,6,12777.115000000002
21,3,5578.04
4,5,12688.715
22,4,15411.435
13,5,19682.26
12,5,16570.58
14,2,7087.469999999999
13,3,11662.17
17,7,21966.295
14,5,15780.505
14,4,11444.485
15,2,4166.955
27,1,1521.585
13,4,9258.795
1,2,2084.03
29,3,7659.860000000001
18,4,10998.065
25,4,3045.38
16,3,4915.04
39,1,2537.08
26,1,1438.71
12,4,7639.969999999999
20,4,9845.55
20,4,16169.465
18,4,13603.655
12,3,14138.475
5,3,6359.275
33,1,1200.03
15,6,5386.875
21,3,10456.615
14,6,9700.794999999998
12,5,9003.539999999999
5,10,3407.82
39,1,523.77
22,4,8477.56
16,4,10651.095
16,2,6660.94
15,2,5795.725
11,5,20357.415
38,2,8843.315
14,3,6428.889999999999
16,3,4623.320000000001
22,5,6676.41
25,3,8338.33
27,2,7245.485
15,5,14283.23
18,4,10864.36
25,3,3816.67
19,4,9709.635
12,5,12272.13
11,2,1192.295
19,3,6466.459999999999
15,5,5995.7300000000005
14,6,15656.745
29,5,8708.505000000001
15,2,2729.3500000000004
10,6,2826.59
12,5,14410.305
17,6,3895.125
27,6,7197.97
18,5,15277.73
16,3,17948.515
12,4,9554.935
16,5,11220.17
19,2,6886.360000000001
16,5,4449.835
12,5,16382.73
20,5,10672.09
18,2,5145.985
24,3,14135.16
28,5,2412.215
30,7,1497.2750000000003
25,2,4466.41
30,5,10066.55
12,5,6583.59
14,2,3223.285
12,4,10096.385
12,5,10684.245
1,4,3894.02
27,4,8232.25
7,4,14096.485
12,3,11047.79
26,3,7070.895
16,7,19498.83
18,6,16472.235
24,3,4712.825
15,4,10359.375
13,5,10987.015
15,5,23348.65
39,1,2983.5
19,5,21266.83
15,3,3312.79
18,3,14845.675
22,4,8948.29
19,8,25627.160000000003
12,5,10927.345
15,4,4818.905
23,3,3771.365
18,3,9631.18
19,6,22203.87
15,4,12045.605
17,5,11238.955
25,2,5287.424999999999
12,5,9900.8
14,3,4669.73
26,6,1312.7400000000002
13,3,3739.32
29,6,6806.8
12,5,7058.74
16,7,15037.945
28,2,5234.385
12,6,2246.465
15,4,7583.615000000001
3,6,7024.485000000001
15,5,14562.794999999998
24,5,18263.44
15,6,16189.355
12,3,3306.16
19,6,18077.8
26,2,7711.795
27,2,7243.275
14,4,8183.629999999999
22,4,9503.0
12,7,19876.74
12,3,11274.315
35,3,3814.46
21,5,8506.289999999999
20,6,11899.745
14,3,6222.255000000001
18,3,5881.915
17,4,6826.6900000000005
24,4,9856.6
28,1,1762.475
24,2,6370.325
15,4,14792.635
13,6,15137.395
16,3,12973.805
10,4,13672.165
16,6,8254.35
11,4,1952.535
10,4,9662.12
13,7,16113.11
17,6,12200.305
12,7,18633.615
41,1,6630.0
17,2,1301.69
25,2,4804.54
18,3,4331.6
15,6,7175.87
12,3,5994.625
23,3,8189.155000000001
16,4,6841.055
36,3,7407.92
15,8,14651.195
18,5,11209.12
19,3,12391.47
13,4,6937.1900000000005
15,4,7451.015
17,3,2721.615
12,2,4287.4
14,3,9895.275
18,3,6780.280000000001
11,4,3728.27
22,5,8610.16
13,5,10494.185
13,3,12916.345
22,1,2960.295
17,3,7876.44
21,4,9602.45
30,2,1561.365
13,3,8795.8
34,1,1367.99
11,9,12337.325
12,5,11177.075
41,4,9005.75
21,6,19959.615
0,1,2943.72
13,6,21164.065
19,3,9190.285
13,8,15068.885
2,4,2070.77
12,6,14885.455
11,4,5047.64
21,4,9915.165
23,2,1630.98
5,10,20649.135
26,4,1108.315
33,2,2762.5
25,5,13704.21
12,5,15822.495
18,3,4874.155000000001
22,6,17386.07
11,5,25006.15
5,4,12761.645
12,4,9083.1
12,7,15681.055
26,3,2740.4
18,1,5352.62
5,2,5738.264999999999
15,3,990.08
24,3,3124.94
12,2,1751.4250000000002
13,3,11274.315
19,8,16348.475
21,4,7680.855
17,4,8855.470000000001
14,5,3548.155
10,2,6115.07
31,6,14430.195
2,6,4112.81
35,4,9169.29
14,7,10316.28
41,1,724.88
14,3,2171.325
29,3,3425.5
11,2,3047.59
22,10,16684.395
15,5,15369.445
11,7,22870.185
26,2,4175.795
37,2,4092.92
0,3,4142.645
18,6,5574.725
13,4,5497.375
13,4,8624.525
11,3,3981.315
20,1,4053.14
11,2,2375.75
12,5,13888.745
12,5,7226.700000000001
19,1,719.355
25,2,4320.55
26,3,9105.2
20,3,4919.46
21,5,13475.475
24,3,6709.56
13,4,7024.485000000001
23,6,4461.99
20,3,4552.6
16,3,2373.54
12,3,3928.275
20,3,17426.955
19,2,1328.21
15,2,7627.815
14,7,18020.34
11,4,8949.395
17,3,6048.77
0,4,6492.98
13,7,20434.765
24,4,14209.195
5,6,8935.029999999999
39,1,4816.695
13,3,9094.15
41,3,3450.915
32,1,1060.8
18,3,13441.22
13,5,1929.33
38,1,6110.65
29,3,901.6799999999998
1,6,13124.085
16,6,17973.93
33,4,3173.56
16,3,8936.135
12,3,6494.085
17,2,1697.28
16,5,10878.725
28,6,9137.245
16,5,11149.45
15,1,437.58
13,6,18304.325
23,3,7859.865
11,5,13842.335
25,3,9887.54
21,2,4163.64
18,7,17828.07
6,4,18717.595
14,3,16249.025
36,2,8559.33
41,3,5558.150000000001
12,2,2828.8
14,4,3836.56
37,4,2377.96
12,4,16719.755
30,1,388.96
20,2,4102.865
16,9,5004.545
15,2,7928.375
13,2,3675.23
24,4,12120.745
21,7,20043.595
12,6,12204.725
18,2,621.01
15,2,6026.67
27,3,11780.405
33,1,2307.24
10,8,19641.375
12,3,476.2550000000001
12,7,8186.945
22,4,4392.375
26,2,6958.185
22,3,8005.725
16,3,10598.055
18,5,11890.905
18,2,3202.29
12,4,4852.055
10,5,10224.565
27,5,2759.185
11,7,13033.475
15,4,7245.485
15,3,8111.805
21,3,8554.91
14,5,14957.28
18,7,14116.375
33,2,5750.42
13,6,3279.6400000000003
37,5,13585.975
18,2,6294.08
37,2,2424.37
12,6,8460.985
40,2,2928.25
25,6,19369.545
23,3,6340.49
37,1,945.88
19,4,10522.915
22,6,19245.785
14,7,15683.265
20,4,17251.260000000002
21,6,20625.93
13,3,7413.445
16,6,14508.65
14,10,14829.1
13,6,11087.57
23,4,17001.53
15,9,11427.91
37,2,9828.975
18,3,9326.2
40,3,3403.4
17,4,18064.54
16,4,6692.985
10,2,3064.165
26,5,3591.25
9,8,15254.525
11,6,13568.295
12,10,25501.19
26,2,7369.245000000001
26,6,6549.335
23,3,5645.445000000001
21,3,5738.264999999999
20,3,13389.285
18,2,2085.135
17,6,13551.72
13,5,4456.465
13,7,16860.09
13,4,2945.9300000000003
24,5,9844.445
15,5,9772.62
23,4,13482.105
24,3,5712.85
37,3,7248.8
18,6,14472.185
27,6,10632.31
17,4,14020.24
2,3,2238.73
15,6,18408.195
11,3,4615.585
23,7,10994.75
11,4,12427.935
14,5,14738.49
3,5,13181.545
37,3,12669.93
13,5,20862.4
21,3,11750.57
11,7,10115.17
1,3,9346.09
39,4,6818.955
43,1,1307.215
14,6,10741.705000000002
12,6,1938.17
17,6,1524.9
22,3,9918.48
15,3,3461.965
13,3,1266.33
20,7,8943.869999999999
13,7,24155.3
20,5,3800.095
16,3,519.3499999999999
28,5,6873.1
15,4,5629.975
21,5,6485.245
19,5,6290.764999999999
15,5,12275.445
19,9,18012.605
9,4,19709.885
12,3,11882.065
27,3,1677.39
13,5,5796.83
21,2,5747.1050000000005
10,2,835.38
33,1,4080.765
13,5,9358.245
26,3,6215.625
12,9,5410.08
11,7,13517.465
14,2,6283.03
16,3,10888.670000000002
16,4,9299.68
20,3,10638.94
15,2,5023.33
15,4,10093.07
19,3,4562.545
41,5,7113.99
14,4,8236.67
11,10,17072.25
20,7,12425.725
15,5,7496.32
20,5,15777.19
13,4,12990.38
25,6,13722.995
11,6,10003.565
12,3,10100.805
19,2,9083.1
27,1,1352.52
19,3,3718.325
15,4,8968.18
15,3,9655.49
19,5,13647.855
20,4,11611.34
18,4,12820.21
10,9,21782.865
30,1,2506.14
15,4,4960.345
18,3,8853.26
11,5,15837.965
11,4,7702.954999999999
13,6,10704.135
25,4,13336.245
36,1,2298.4
19,5,19698.835
21,5,16712.02
13,6,10066.55
13,5,8806.849999999999
22,3,6972.55
15,2,4424.42
11,7,16463.395
31,2,7758.205
14,5,12653.355
10,5,3496.22
13,3,11347.245
16,3,7651.02
15,3,7710.69
24,3,2098.395
12,6,14422.46
4,6,13946.205
36,1,997.815
0,9,20178.405
11,8,16218.085
23,3,9323.99
12,8,15485.47
17,6,6150.429999999999
13,4,7477.535
11,7,4085.185
11,5,735.9299999999998
11,5,20523.165
13,3,235.365
29,1,393.38
16,4,11290.89
34,2,4460.885
27,1,1207.765
20,8,20133.1
23,3,10836.735
0,2,4316.13
18,7,16096.535
13,4,2865.2650000000003
18,3,13660.01
13,4,9927.32
43,1,1103.895
30,2,2968.03
13,3,6912.88
10,9,7602.4
21,1,6712.875
1,3,1429.87
27,2,2789.0200000000004
16,4,17562.87
13,9,14915.29
18,3,4288.505
16,5,16825.835
18,5,23953.085
11,8,11120.72
16,7,18123.105
18,5,6417.84
12,6,14250.08
17,4,8617.895
37,1,1748.11
1,4,11564.93
18,5,8283.08
13,5,13604.76
19,4,4412.265
13,5,5904.014999999999
11,3,8637.785
11,7,7803.509999999999
11,7,7757.1
27,2,1362.465
23,3,2991.235
11,1,249.73
12,3,8413.47
22,4,9810.19
25,2,1392.3000000000002
41,1,2519.4
11,2,8938.345
19,5,6246.5650000000005
19,2,4427.735000000001
24,3,6612.32
13,10,4733.82
17,3,7764.835
11,7,3187.925
14,4,15615.86
11,7,11441.17
20,6,16502.07
38,2,2196.74
15,3,11119.615
23,2,1089.53
13,5,8843.315
24,3,2723.8250000000003
14,1,468.52
4,9,6712.875
15,2,6400.16
21,5,8866.52
5,4,7236.644999999999
20,2,1766.895
3,6,13212.485
13,3,17287.725
1,1,649.74
16,4,10046.66
13,2,3921.645
13,5,8851.05
22,5,17169.49
4,9,18033.6
12,5,8067.605
22,4,15195.96
4,5,13736.255
15,9,13715.26
21,2,6763.705
25,4,11699.74
11,2,12086.49
19,4,17495.465
15,4,11512.995
29,3,10244.455
15,5,14046.76
14,6,16149.575
14,3,7085.26
19,2,3568.045
13,4,8421.205
20,4,17836.91
13,3,9498.58
9,6,13494.26
18,2,6616.740000000001
10,6,15805.92
1,9,8270.925
14,2,12296.44
18,4,4574.7
12,7,16815.89
12,2,2192.32
12,4,8330.595000000001
28,4,8696.35
13,6,18622.565
19,4,6516.185
41,3,6343.805
15,3,2056.405
10,4,7830.03
24,1,2337.075
6,9,23959.715
28,4,5938.27
36,3,10336.17
20,3,1432.08
11,5,7379.19
18,2,5003.4400000000005
11,7,14781.585
15,4,9993.62
13,5,9131.72
7,2,6479.719999999999
27,3,5608.98
13,5,2549.235
29,5,4753.71
13,4,14520.805
39,3,10014.615
16,4,11805.82
24,5,10546.12
13,5,7923.955
16,5,4949.295
17,2,5969.21
4,5,10666.565
11,7,5995.73
27,4,3634.345
12,3,4300.66
40,1,1049.75
21,5,15457.845
21,6,7914.01
15,5,2168.01
19,3,6609.005
1,4,9758.255
23,3,4292.925
38,1,679.575
17,9,10941.71
35,1,6364.8
16,3,5532.735000000001
15,4,16240.185
4,1,411.06
14,8,12484.29
0,3,8258.77
16,4,4085.185
15,7,10577.06
23,3,6738.29
13,7,10505.235
39,2,4456.465
18,4,2722.7200000000003
14,6,11349.455
22,3,14978.275
30,1,4101.76
5,5,4034.355
19,1,4900.675
36,1,2850.9
18,4,6370.325
17,7,18691.075
16,5,11546.145
7,5,12962.755
12,4,14547.325
22,4,9465.43
38,1,4770.285
12,6,15887.69
24,3,11935.105
17,4,6838.845
19,2,6946.030000000001
12,7,11433.435
32,3,10061.025
13,6,14053.39
25,2,2497.3
12,1,1728.22
38,1,404.43
11,8,24991.785
29,2,2756.9750000000004
11,9,10669.88
13,8,19551.87
32,3,12284.285
34,6,14308.645
24,3,5370.3
5,4,4785.755
22,2,6285.24
14,7,25561.965
18,2,1086.215
13,3,5827.77
14,3,3222.18
13,9,18758.48
12,2,2827.695
13,3,6397.950000000001
15,1,500.565
11,3,9950.525
29,2,6989.125
14,3,5232.175
9,2,4152.59
23,4,5705.115
10,6,21196.11
12,4,4722.77
10,4,8326.175
12,5,4101.76
20,4,7257.639999999999
11,6,11162.71
16,4,5433.285
10,2,2373.54
18,4,5480.8
16,5,8893.04
21,4,10821.265
13,3,4742.66
25,4,10469.875
16,4,1236.495
6,2,3310.58
27,4,10566.01
16,1,3699.54
16,5,13053.365
22,8,25424.945
13,6,15327.455
30,1,6442.15
11,5,15624.7
11,4,7421.18
10,7,11308.57
17,3,9484.215
12,4,12457.77
40,1,216.58
27,5,11978.2
28,7,25777.44
26,6,19526.455
12,2,2460.835
19,7,5746.0
20,3,4239.885
20,2,2892.89
7,2,8232.25
26,4,11227.905
21,2,4390.165
16,8,11457.745
21,3,5337.15
17,3,257.46500000000015
12,3,17643.535
13,6,8855.47
29,3,11798.085
15,3,6017.83
31,1,5298.475
13,6,18598.255
17,3,3310.5800000000004
19,4,15005.9
26,5,5824.455
12,2,2032.095
41,1,468.52
5,4,5595.72
21,4,5573.620000000001
11,1,488.41
12,4,16061.175
22,1,2249.78
17,6,8938.345000000001
22,4,10543.91
11,6,11880.96
17,4,8647.73
12,3,14700.92
11,4,12161.63
15,3,1803.36
17,4,7403.5
12,6,19832.54
13,2,8817.9
11,3,9946.105
27,6,5627.765
22,2,4249.83
13,3,2331.55
16,8,6537.18
5,4,9945.0
20,4,7388.030000000001
23,4,6868.679999999999
26,6,8462.09
9,7,16831.36
21,9,16124.16
14,4,10873.2
16,4,12973.805
8,6,15767.245
15,3,5858.71
37,1,1320.475
16,9,15464.475
23,4,2123.81
23,1,1509.43
5,3,13334.035
29,2,13155.025
10,5,8004.62
23,4,2334.865
14,5,4057.56
15,3,6014.514999999999
11,7,19137.495
23,5,8958.235
22,1,2095.08
20,6,10987.015
21,7,5227.755
31,3,5953.74
29,1,2791.23
42,1,1259.7
13,2,2309.45
15,3,3551.4700000000003
6,3,9678.695
11,5,3942.64
13,5,11538.41
29,4,10184.785
10,6,7505.16
16,3,9389.185
18,2,3049.8
22,2,2610.01
22,4,7353.775000000001
29,1,472.94
15,4,9169.29
10,4,8917.35
35,3,15691.0
19,5,10879.83
14,3,7379.19
20,5,3202.29
20,3,5806.775000000001
23,3,9091.94
0,4,6807.905
11,5,5185.764999999999
16,3,723.7749999999996
22,5,3701.75
2,6,6985.81
14,4,6480.825
43,3,4117.23
13,4,11433.435
25,4,2075.19
13,6,18177.25
32,2,1710.54
13,4,7168.135
23,7,11337.3
15,5,8245.51
14,3,3036.54
26,3,17440.215
16,5,8642.205
18,4,11867.7
7,7,13610.285
16,3,12146.16
19,3,10751.65
13,3,10630.1
20,4,7873.125
12,6,7822.295
25,3,5867.55
23,3,4789.070000000001
12,6,7841.08
8,3,12336.22
11,3,11690.9
25,3,1901.705
13,2,1475.1750000000002
5,7,6979.179999999999
40,2,5229.965
12,5,11799.19
25,4,2089.555
11,5,7842.184999999999
24,2,4779.125
15,4,6554.860000000001
11,6,2177.955
17,7,11395.865
18,3,8375.9
17,3,8078.655
34,3,3816.67
15,2,4629.95
12,7,10729.55
8,8,17222.53
15,5,16433.56
4,8,10557.17
23,2,1349.205
16,5,2159.17
14,4,5968.1050000000005
12,5,14525.225
20,2,10939.5
11,5,14885.454999999998
23,2,9358.245
20,3,11107.46
41,1,152.49
32,2,4258.67
14,4,2633.215
17,4,6594.64
0,5,7020.0650000000005
15,4,1706.12
19,5,4658.68
16,7,7243.275
34,2,5843.24
20,1,4339.335
21,5,12574.9
18,5,442.0
34,2,5078.58
40,2,3815.565
21,3,3252.0150000000003
