Recency,Frequency,Monetary,R,F,M
15,5,3113,4,4,1
27,3,5694,1,2,2
22,8,21613,2,5,5
12,4,6092,5,3,2
0,12,27981,5,5,5
3,4,7597,5,3,3
34,1,3984,1,1,2
16,1,1588,3,1,1
12,1,4623,5,1,2
13,6,20229,4,4,5
24,4,5816,2,3,2
17,5,14995,3,4,5
22,5,19846,2,4,5
39,2,1256,1,1,1
11,1,1037,5,1,1
18,5,12167,3,4,4
22,3,7599,2,2,3
12,6,11037,5,4,4
25,3,3102,2,2,1
18,5,5231,3,4,2
19,3,7434,2,2,3
10,4,8095,5,3,3
27,3,2183,1,2,1
14,10,21518,4,5,5
15,3,8983,4,2,3
21,4,6070,2,3,2
12,4,1469,5,3,1
1,6,12530,5,4,4
18,3,9171,3,2,3
20,3,13063,2,2,4
10,2,1661,5,1,1
35,3,1949,1,2,1
22,3,7521,2,2,3
25,4,11082,2,3,4
28,1,2844,1,1,1
9,7,26939,5,5,5
15,3,5257,4,2,2
3,6,12376,5,4,4
20,2,9559,2,1,3
14,5,22136,4,4,5
14,2,3240,4,1,1
36,1,1255,1,1,1
46,2,12713,1,1,4
18,2,6618,3,1,3
23,7,5348,2,5,2
11,4,8822,5,3,3
16,5,12130,3,4,4
13,4,12875,4,3,4
31,4,10622,1,3,4
12,6,8711,5,4,3
22,2,6411,2,1,2
20,2,10028,2,1,4
19,1,5502,2,1,2
17,4,12750,3,3,4
10,4,5543,5,3,2
18,6,14372,3,4,5
25,5,18380,2,4,5
22,2,2819,2,1,1
21,4,11668,2,3,4
21,4,1186,2,3,1
37,2,3879,1,1,2
24,2,5347,2,1,2
13,4,12998,4,3,4
12,1,2302,5,1,1
15,9,1142,4,5,1
24,4,4558,2,3,2
20,1,2143,2,1,1
18,4,8273,3,3,3
13,4,10763,4,3,4
19,1,2532,2,1,1
14,2,6033,4,1,2
21,3,3838,2,2,2
13,2,11503,4,1,4
14,6,20114,4,4,5
17,5,7835,3,4,3
35,1,540,1,1,1
6,5,8905,5,4,3
13,4,8327,4,3,3
34,3,5237,1,2,2
18,2,8539,3,1,3
32,6,6150,1,4,2
14,5,8032,4,4,3
26,2,5406,1,1,2
14,6,10811,4,4,4
4,4,10970,5,3,4
31,4,11733,1,3,4
18,6,12175,3,4,4
12,4,15231,5,3,5
10,4,3181,5,3,1
14,5,13856,4,4,5
17,6,17328,3,4,5
21,4,5492,2,3,2
29,2,4804,1,1,2
12,5,10916,5,4,4
27,1,3752,1,1,1
32,2,7111,1,1,3
13,6,6463,4,4,2
12,2,4722,5,1,2
14,3,3064,4,2,1
26,3,15090,1,2,5
15,6,5275,4,4,2
17,7,12021,3,5,4
14,2,5123,4,1,2
42,1,4038,1,1,2
14,4,18215,4,3,5
28,2,2201,1,1,1
14,3,4617,4,2,2
19,8,14467,2,5,5
14,6,9664,4,4,4
13,6,25660,4,4,5
14,6,19846,4,4,5
16,2,6428,3,1,2
13,4,3333,4,3,1
13,4,4972,4,3,2
18,3,7815,3,2,3
25,4,8547,2,3,3
19,2,6318,2,1,2
3,10,16776,5,5,5
12,4,13120,5,3,4
11,4,5480,5,3,2
11,6,15536,5,4,5
17,2,1078,3,1,1
13,2,821,4,1,1
14,1,4836,4,1,2
27,1,116,1,1,1
19,5,9474,2,4,3
11,5,24713,5,4,5
13,1,404,4,1,1
19,3,2695,2,2,1
27,1,1034,1,1,1
22,5,8714,2,4,3
11,2,7286,5,1,3
16,3,12833,3,2,4
29,4,8890,1,3,3
21,3,9858,2,2,4
18,8,26622,3,5,5
11,3,14185,5,2,5
21,6,4574,2,4,2
9,3,7825,5,2,3
19,4,9140,2,3,3
22,2,7774,2,1,3
14,3,9748,4,2,4
26,1,3673,1,1,1
12,11,16393,5,5,5
18,3,10263,3,2,4
14,7,5593,4,5,2
17,5,16302,3,4,5
19,2,2267,2,1,1
13,4,13928,4,3,5
17,8,21063,3,5,5
17,3,8253,3,2,3
17,1,575,3,1,1
18,6,11482,3,4,4
19,9,17829,2,5,5
0,8,24703,5,5,5
20,4,17960,2,3,5
30,3,3347,1,2,1
12,6,10180,5,4,4
19,2,5592,2,1,2
21,2,9420,2,1,3
29,4,10423,1,3,4
17,8,4502,3,5,2
16,3,10468,3,2,4
40,1,5337,1,1,2
9,10,13656,5,5,4
13,2,4685,4,1,2
21,5,17668,2,4,5
15,5,11184,4,4,4
22,4,5587,2,3,2
13,6,12114,4,4,4
24,3,7553,2,2,3
10,7,13265,5,5,4
12,2,8870,5,1,3
38,3,8245,1,2,3
3,6,14240,5,4,5
19,6,18683,2,4,5
10,4,10777,5,3,4
15,5,15336,4,4,5
11,6,15942,5,4,5
24,3,3147,2,2,1
13,1,1949,4,1,1
27,4,5412,1,3,2
29,2,8601,1,1,3
12,6,7697,5,4,3
18,2,4404,3,1,2
19,4,1421,2,3,1
12,2,6617,5,1,3
23,1,2481,2,1,1
22,2,3047,2,1,1
15,3,13894,4,2,5
11,4,2489,5,3,1
10,4,12664,5,3,4
10,1,120,5,1,1
15,9,3848,4,5,2
17,3,9993,3,2,4
44,1,5967,1,1,2
22,3,9279,2,2,3
15,8,13227,4,5,4
18,3,1743,3,2,1
11,5,18117,5,4,5
5,3,16582,5,2,5
22,3,6121,2,2,2
17,3,14236,3,2,5
25,5,15870,2,4,5
16,4,14821,3,3,5
19,4,2370,2,3,1
26,2,7202,1,1,3
19,6,11966,2,4,4
19,4,1920,2,3,1
22,3,11190,2,2,4
29,3,8230,1,2,3
22,9,9972,2,5,4
14,6,20317,4,4,5
20,3,6280,2,2,2
12,9,17151,5,5,5
14,4,5646,4,3,2
12,3,3515,5,2,1
39,1,5900,1,1,2
0,6,22440,5,4,5
20,3,9941,2,2,4
21,2,4829,2,1,2
12,5,8188,5,4,3
30,2,10503,1,1,4
18,7,21627,3,5,5
14,7,16586,4,5,5
13,1,6060,4,1,2
13,3,11161,4,2,4
35,3,6390,1,2,2
21,8,11160,2,5,4
19,5,15050,2,4,5
46,1,3690,1,1,1
16,4,3737,3,3,1
17,8,22239,3,5,5
11,6,12142,5,4,4
19,6,13254,2,4,4
40,1,3769,1,1,1
12,6,8379,5,4,3
17,6,9613,3,4,3
24,2,9291,2,1,3
21,8,18867,2,5,5
16,4,4594,3,3,2
11,6,7095,5,4,3
21,5,6498,2,4,2
14,3,16486,4,2,5
12,2,4287,5,1,2
26,1,2552,1,1,1
14,5,2656,4,4,1
35,2,2522,1,1,1
16,4,4067,3,3,2
15,5,12638,4,4,4
12,4,4656,5,3,2
13,5,3592,4,4,1
17,3,2626,3,2,1
20,3,475,2,2,1
14,2,5202,4,1,2
23,2,3309,2,1,1
13,5,5213,4,4,2
12,7,7534,5,5,3
23,6,11437,2,4,4
24,3,3806,2,2,1
13,4,12947,4,3,4
37,1,7276,1,1,3
31,4,12938,1,3,4
13,7,22229,4,5,5
15,1,1345,4,1,1
19,7,13545,2,5,4
17,2,11075,3,1,4
14,4,10625,4,3,4
17,6,18894,3,4,5
32,4,13295,1,3,4
38,1,132,1,1,1
19,6,14932,2,4,5
13,6,13074,4,4,4
18,3,7550,3,2,3
30,4,8359,1,3,3
14,3,4657,4,2,2
16,7,5976,3,5,2
29,3,9695,1,2,4
21,6,9577,2,4,3
12,4,11221,5,3,4
16,4,12745,3,3,4
15,5,12851,4,4,4
14,3,8865,4,2,3
23,3,6268,2,2,2
17,4,5906,3,3,2
15,2,2937,4,1,1
27,1,1131,1,1,1
4,4,8225,5,3,3
25,4,4302,2,3,2
17,6,10358,3,4,4
15,3,15807,4,2,5
12,5,14635,5,4,5
15,7,7347,4,5,3
18,5,2581,3,4,1
22,6,12826,2,4,4
20,1,787,2,1,1
41,1,4254,1,1,2
14,5,21095,4,4,5
24,5,12724,2,4,4
13,2,2681,4,1,1
27,5,14234,1,4,5
12,5,6740,5,4,3
9,2,1818,5,1,1
13,3,5787,4,2,2
3,6,23417,5,4,5
12,9,26752,5,5,5
14,4,11073,4,3,4
34,2,5447,1,1,2
21,3,8705,2,2,3
25,6,6800,2,4,3
36,3,5889,1,2,2
17,3,9105,3,2,3
26,3,1533,1,2,1
18,3,10874,3,2,4
11,3,8954,5,2,3
11,6,9896,5,4,4
43,1,1939,1,1,1
16,2,3273,3,1,1
12,7,15482,5,5,5
15,6,15298,4,4,5
43,1,1024,1,1,1
14,5,5621,4,4,2
13,7,18712,4,5,5
16,2,7962,3,1,3
26,1,1232,1,1,1
16,4,4896,3,3,2
2,3,10756,5,2,4
18,2,2130,3,1,1
29,2,2329,1,1,1
11,5,15594,5,4,5
17,3,5742,3,2,2
11,2,1486,5,1,1
17,6,14765,3,4,5
13,4,12446,4,3,4
12,2,3239,5,1,1
15,4,5668,4,3,2
20,1,1332,2,1,1
7,7,17188,5,5,5
25,3,11974,2,2,4
24,3,16320,2,2,5
14,4,7186,4,3,3
14,6,15330,4,4,5
14,4,5750,4,3,2
24,10,13507,2,5,4
16,7,11391,3,5,4
29,3,13650,1,2,4
15,3,7251,4,2,3
12,3,10411,5,2,4
21,4,7865,2,3,3
16,7,6772,3,5,3
35,1,1648,1,1,1
14,6,5207,4,4,2
38,1,497,1,1,1
15,3,1113,4,2,1
14,5,13878,4,4,5
14,6,7869,4,4,3
14,2,4391,4,1,2
18,2,7923,3,1,3
11,4,9927,5,3,4
4,4,16378,5,3,5
17,6,12114,3,4,4
13,10,13313,4,5,4
19,3,9107,2,2,3
22,4,7420,2,3,3
12,6,16467,5,4,5
32,2,6926,1,1,3
20,4,6001,2,3,2
15,6,15805,4,4,5
16,4,11011,3,3,4
10,3,2234,5,2,1
12,7,15382,5,5,5
14,4,12066,4,3,4
33,3,2143,1,2,1
33,3,4267,1,2,2
18,2,2222,3,1,1
19,2,8108,2,1,3
19,2,3944,2,1,2
23,5,7223,2,4,3
10,3,8394,5,2,3
17,3,3109,3,2,1
11,5,8855,5,4,3
16,4,5967,3,3,2
5,7,12629,5,5,4
35,2,2323,1,1,1
12,2,6308,5,1,2
17,3,5885,3,2,2
15,4,8384,4,3,3
23,3,7796,2,2,3
19,3,7732,2,2,3
25,2,3589,2,1,1
14,7,1360,4,5,1
13,5,9748,4,4,4
21,3,2313,2,2,1
27,4,13153,1,3,4
41,1,1966,1,1,1
30,6,12709,1,4,4
23,6,9109,2,4,3
27,2,8531,1,1,3
20,1,3679,2,1,1
21,4,4463,2,3,2
17,2,2081,3,1,1
20,4,7527,2,3,3
21,1,1796,2,1,1
17,2,6161,3,1,2
15,3,5359,4,2,2
25,5,14944,2,4,5
13,2,6080,4,1,2
17,9,33828,3,5,5
11,10,18989,5,5,5
25,4,8565,2,3,3
25,4,356,2,3,1
7,7,12969,5,5,4
12,3,7117,5,2,3
16,5,12435,3,4,4
16,6,17727,3,4,5
16,3,11330,3,2,4
12,4,9798,5,3,4
20,5,13704,2,4,4
15,4,10168,4,3,4
11,10,17962,5,5,5
13,1,2373,4,1,1
14,9,4155,4,5,2
23,2,1362,2,1,1
13,5,12006,4,4,4
32,2,6922,1,1,3
23,2,5043,2,1,2
11,3,10049,5,2,4
21,3,2791,2,2,1
17,3,6812,3,2,3
20,6,7122,2,4,3
42,1,6287,1,1,2
12,2,4117,5,1,2
14,4,13875,4,3,5
3,6,11434,5,4,4
9,7,6401,5,5,2
12,10,16705,5,5,5
0,6,3692,5,4,1
3,8,15009,5,5,5
9,3,4574,5,2,2
22,5,10063,2,4,4
27,4,22651,1,3,5
26,2,1234,1,1,1
20,3,8918,2,2,3
12,1,4393,5,1,2
16,5,7614,3,4,3
22,4,10728,2,3,4
11,5,14798,5,4,5
28,4,7106,1,3,3
23,3,10231,2,2,4
35,1,6176,1,1,2
24,3,10070,2,2,4
15,6,20830,4,4,5
11,6,17739,5,4,5
12,6,10217,5,4,4
19,2,10729,2,1,4
21,6,13079,2,4,4
13,3,6892,4,2,3
21,5,3793,2,4,1
0,8,9876,5,5,4
16,5,7048,3,4,3
14,6,19277,4,4,5
13,5,12341,4,4,4
26,2,8688,1,1,3
3,3,11683,5,2,4
18,4,4129,3,3,2
18,5,8264,3,4,3
0,7,15361,5,5,5
1,3,10046,5,2,4
28,1,1642,1,1,1
12,5,15951,5,4,5
15,5,23781,4,4,5
25,4,20557,2,3,5
12,5,11237,5,4,4
0,3,4068,5,2,2
33,3,9779,1,2,4
17,8,16715,3,5,5
45,1,7514,1,1,3
15,5,18194,4,4,5
14,4,10951,4,3,4
37,1,5657,1,1,2
10,4,1901,5,3,1
45,1,436,1,1,1
16,2,3550,3,1,1
11,10,9690,5,5,4
16,2,8579,3,1,3
19,6,14973,2,4,5
35,4,14387,1,3,5
14,5,12315,4,4,4
15,5,8069,4,4,3
22,2,3871,2,1,2
15,3,1105,4,2,1
10,2,1523,5,1,1
25,4,7484,2,3,3
18,3,6589,3,2,2
10,5,13806,5,4,5
33,2,4760,1,1,2
20,4,1845,2,3,1
26,6,24040,1,4,5
12,6,6011,5,4,2
23,4,6791,2,3,3
29,2,2251,1,1,1
25,3,2370,2,2,1
13,4,8265,4,3,3
20,1,901,2,1,1
23,3,5418,2,2,2
16,6,15213,3,4,5
40,2,9342,1,1,3
1,6,19731,5,4,5
9,7,13169,5,5,4
15,6,13138,4,4,4
16,5,20750,3,4,5
21,3,9154,2,2,3
16,5,8391,3,4,3
23,2,9162,2,1,3
20,2,4586,2,1,2
21,5,6732,2,4,3
16,3,10100,3,2,4
23,2,601,2,1,1
24,4,12983,2,3,4
21,2,5215,2,1,2
17,6,5731,3,4,2
10,6,12540,5,4,4
17,4,1573,3,3,1
34,2,7116,1,1,3
15,4,15995,4,3,5
12,6,18537,5,4,5
16,6,12859,3,4,4
11,5,11642,5,4,4
13,6,10431,4,4,4
21,2,2996,2,1,1
24,3,11503,2,2,4
13,4,11950,4,3,4
31,1,499,1,1,1
4,8,16043,5,5,5
12,3,1538,5,2,1
29,2,4442,1,1,2
1,6,30081,5,4,5
13,3,5982,4,2,2
21,1,6607,2,1,2
17,4,5775,3,3,2
28,3,433,1,2,1
12,6,10017,5,4,4
20,2,10477,2,1,4
14,4,6637,4,3,3
12,5,15790,5,4,5
15,4,8094,4,3,3
16,5,4604,3,4,2
44,2,9394,1,1,3
14,4,11195,4,3,4
11,5,10435,5,4,4
15,7,9312,4,5,3
14,8,15559,4,5,5
30,3,3943,1,2,2
13,4,6828,4,3,3
4,9,6388,5,5,2
15,5,9295,4,4,3
18,4,5797,3,3,2
37,1,552,1,1,1
10,6,8074,5,4,3
3,6,15612,5,4,5
29,1,1209,1,1,1
21,3,5098,2,2,2
12,7,13600,5,5,4
5,5,14752,5,4,5
3,5,4347,5,4,2
16,7,10695,3,5,4
11,4,4495,5,3,2
25,4,2720,2,3,1
13,8,15315,4,5,5
19,3,4026,2,2,2
17,4,13260,3,3,4
14,5,2340,4,4,1
13,3,4800,4,2,2
13,4,5333,4,3,2
12,5,5860,5,4,2
12,1,1428,5,1,1
17,2,2545,3,1,1
33,2,11961,1,1,4
18,7,7488,3,5,3
25,4,3444,2,3,1
26,5,8254,1,4,3
24,4,2309,2,3,1
14,7,6502,4,5,2
18,4,4675,3,3,2
16,4,10829,3,3,4
14,5,11111,4,4,4
12,9,6150,5,5,2
11,4,8674,5,3,3
5,4,14161,5,3,5
13,3,1552,4,2,1
14,7,2480,4,5,1
13,5,9560,4,4,3
19,2,1244,2,1,1
37,3,7194,1,2,3
17,7,6516,3,5,2
26,9,10317,1,5,4
22,2,6710,2,1,3
14,5,13648,4,4,4
29,3,9729,1,2,4
9,3,5975,5,2,2
29,4,18488,1,3,5
27,4,4534,1,3,2
15,4,8415,4,3,3
44,1,919,1,1,1
11,9,12850,5,5,4
28,3,9414,1,2,3
15,4,6937,4,3,3
19,4,11324,2,3,4
11,8,5066,5,5,2
17,4,8349,3,3,3
19,3,9095,2,2,3
12,4,8192,5,3,3
16,4,7544,3,3,3
13,5,13440,4,4,4
6,4,11230,5,3,4
9,6,6075,5,4,2
30,4,4845,1,3,2
11,5,8590,5,4,3
3,5,5751,5,4,2
17,6,9079,3,4,3
18,3,4480,3,2,2
22,3,11643,2,2,4
14,6,4924,4,4,2
32,3,1710,1,2,1
18,1,3858,3,1,2
12,11,10599,5,5,4
12,4,5174,5,3,2
11,5,7828,5,4,3
15,4,11434,4,3,4
36,4,4921,1,3,2
12,5,8701,5,4,3
19,2,4389,2,1,2
13,6,13741,4,4,5
3,6,10295,5,4,4
23,3,8558,2,2,3
18,7,18038,3,5,5
12,3,7601,5,2,3
26,1,392,1,1,1
12,5,9908,5,4,4
13,7,19209,4,5,5
16,5,12969,3,4,4
7,6,20134,5,4,5
20,3,4878,2,2,2
37,2,7910,1,1,3
30,1,2933,1,1,1
12,10,11475,5,5,4
13,3,14170,4,2,5
27,2,3867,1,1,2
22,3,10087,2,2,4
17,6,26252,3,4,5
9,5,9911,5,4,4
16,4,1082,3,3,1
29,1,2298,1,1,1
12,5,8821,5,4,3
22,6,1482,2,4,1
24,3,17687,2,2,5
19,5,2350,2,4,1
16,3,7705,3,2,3
13,4,1983,4,3,1
23,3,3133,2,2,1
25,4,3345,2,3,1
12,7,23700,5,5,5
23,5,19294,2,4,5
15,8,17823,4,5,5
11,2,1339,5,1,1
22,5,21113,2,4,5
25,2,5753,2,1,2
0,7,28343,5,5,5
6,2,6680,5,1,3
14,3,7889,4,2,3
15,4,16149,4,3,5
31,1,1308,1,1,1
10,4,12993,5,3,4
14,5,19564,4,4,5
12,4,7917,5,3,3
11,3,3169,5,2,1
16,2,8146,3,1,3
16,2,1962,3,1,1
15,4,5622,4,3,2
15,5,3737,4,4,1
41,5,15283,1,4,5
21,5,3105,2,4,1
11,6,24260,5,4,5
37,2,6201,1,1,2
30,2,8132,1,1,3
25,1,7928,2,1,3
19,1,4793,2,1,2
9,4,9286,5,3,3
44,1,6972,1,1,3
14,3,4631,4,2,2
11,2,5570,5,1,2
21,3,97,2,2,1
14,1,987,4,1,1
17,3,6409,3,2,2
28,3,1451,1,2,1
12,2,1350,5,1,1
23,3,9991,2,2,4
18,5,11476,3,4,4
13,6,16430,4,4,5
28,1,3863,1,1,2
12,7,7803,5,5,3
31,5,8607,1,4,3
20,4,8163,2,3,3
18,9,13252,3,5,4
34,6,13247,1,4,4
15,3,6726,4,2,3
30,8,7186,1,5,3
20,1,530,2,1,1
14,6,11763,4,4,4
28,3,3605,1,2,1
47,1,1785,1,1,1
15,6,14115,4,4,5
19,4,19838,2,3,5
11,3,6600,5,2,2
14,5,17918,4,4,5
20,7,3222,2,5,1
11,1,6574,5,1,2
14,2,5213,4,1,2
11,3,9864,5,2,4
14,11,10010,4,5,4
17,2,3042,3,1,1
13,7,12936,4,5,4
19,6,11353,2,4,4
17,4,3242,3,3,1
13,5,3974,4,4,2
11,4,6907,5,3,3
4,6,15594,5,4,5
11,1,2105,5,1,1
11,2,3380,5,1,1
29,3,9353,1,2,3
13,2,3023,4,1,1
16,2,609,3,1,1
24,9,14011,2,5,5
11,7,4668,5,5,2
2,6,6489,5,4,2
21,8,22,2,5,1
36,4,7666,1,3,3
26,2,4190,1,1,2
15,7,6625,4,5,3
33,2,3992,1,1,2
15,4,10364,4,3,4
30,1,1806,1,1,1
14,4,11654,4,3,4
32,1,6431,1,1,2
11,4,6523,5,3,2
16,6,6581,3,4,2
14,6,5465,4,4,2
23,3,16081,2,2,5
30,1,1591,1,1,1
15,5,18032,4,4,5
14,7,14949,4,5,5
14,5,2587,4,4,1
12,4,19891,5,3,5
19,3,5245,2,2,2
18,3,9868,3,2,4
14,7,16558,4,5,5
11,8,2128,5,5,1
15,2,5363,4,1,2
22,4,12106,2,3,4
14,3,8230,4,2,3
12,6,22746,5,4,5
15,9,13676,4,5,4
13,3,3751,4,2,1
21,3,3565,2,2,1
11,6,14919,5,4,5
20,6,15697,2,4,5
18,2,5190,3,1,2
23,2,3160,2,1,1
11,3,6484,5,2,2
16,1,861,3,1,1
37,6,9880,1,4,4
44,2,3888,1,1,2
13,3,2654,4,2,1
12,6,15972,5,4,5
41,3,8209,1,2,3
28,3,10273,1,2,4
15,4,15453,4,3,5
12,8,20564,5,5,5
29,3,9935,1,2,4
16,3,5863,3,2,2
25,6,15278,2,4,5
13,6,5226,4,4,2
14,3,1120,4,2,1
26,2,8094,1,1,3
0,8,22569,5,5,5
31,1,744,1,1,1
13,4,15755,4,3,5
12,9,13219,5,5,4
22,4,6599,2,3,2
11,5,15328,5,4,5
12,3,7770,5,2,3
17,4,12667,3,3,4
17,5,6549,3,4,2
23,4,5615,2,3,2
23,2,1630,2,1,1
18,2,12621,3,1,4
27,5,12518,1,4,4
13,5,12859,4,4,4
2,5,15815,5,4,5
11,6,13204,5,4,4
19,4,4159,2,3,2
21,5,13681,2,4,4
11,3,6191,5,2,2
22,1,4959,2,1,2
10,2,3933,5,1,2
11,4,10284,5,3,4
11,4,12654,5,3,4
17,3,8606,3,2,3
9,3,6731,5,2,3
17,5,8473,3,4,3
16,4,6354,3,3,2
14,4,5186,4,3,2
14,4,1661,4,3,1
14,2,6687,4,1,3
28,1,1597,1,1,1
20,2,3854,2,1,2
17,6,17333,3,4,5
16,5,9973,3,4,4
24,4,11135,2,3,4
12,3,7956,5,2,3
26,3,5982,1,2,2
10,9,26251,5,5,5
17,5,11887,3,4,4
13,8,9561,4,5,3
36,3,3947,1,2,2
13,5,4037,4,4,2
13,7,9662,4,5,4
21,4,11058,2,3,4
47,1,3858,1,1,2
17,5,8940,3,4,3
13,4,3406,4,3,1
20,5,1539,2,4,1
3,6,9298,5,4,3
12,5,9148,5,4,3
22,7,17740,2,5,5
12,2,3474,5,1,1
4,7,19314,5,5,5
2,5,12105,5,4,4
11,2,7326,5,1,3
0,6,10177,5,4,4
2,2,7021,5,1,3
12,2,3226,5,1,1
12,4,4863,5,3,2
13,6,16576,4,4,5
29,5,18639,1,4,5
16,9,23353,3,5,5
19,2,11789,2,1,4
43,2,5536,1,1,2
17,2,6416,3,1,2
21,2,4654,2,1,2
24,5,9335,2,4,3
12,3,8974,5,2,3
10,4,12388,5,3,4
17,5,12898,3,4,4
24,3,7253,2,2,3
13,5,11076,4,4,4
10,6,7433,5,4,3
15,7,7856,4,5,3
10,7,6463,5,5,2
12,5,14950,5,4,5
16,4,5166,3,3,2
19,2,7353,2,1,3
15,4,4144,4,3,2
12,6,14550,5,4,5
10,8,14771,5,5,5
12,2,8441,5,1,3
22,4,567,2,3,1
13,6,669,4,4,1
14,3,4523,4,2,2
25,3,4931,2,2,2
11,8,14869,5,5,5
29,1,2302,1,1,1
14,3,11265,4,2,4
16,5,4469,3,4,2
21,6,17888,2,4,5
0,7,6458,5,5,2
12,4,14593,5,3,5
34,1,5741,1,1,2
10,3,3217,5,2,1
24,2,3169,2,1,1
14,3,13545,4,2,4
25,1,4289,2,1,2
0,6,12210,5,4,4
13,1,2784,4,1,1
10,3,4237,5,2,2
13,2,8131,4,1,3
12,3,1376,5,2,1
12,5,18310,5,4,5
21,5,15887,2,4,5
24,6,5159,2,4,2
20,4,17037,2,3,5
16,2,4945,3,1,2
18,3,791,3,2,1
12,5,17556,5,4,5
20,2,2187,2,1,1
17,1,5348,3,1,2
29,2,3819,1,1,2
20,3,4384,2,2,2
14,5,12219,4,4,4
31,2,4570,1,1,2
20,2,2391,2,1,1
16,6,4061,3,4,2
12,5,12806,5,4,4
12,4,11566,5,3,4
12,3,7489,5,2,3
19,4,4008,2,3,2
23,3,13677,2,2,4
28,11,3768,1,5,1
40,1,1322,1,1,1
11,6,26603,5,4,5
32,2,1506,1,1,1
14,4,7975,4,3,3
15,3,4813,4,2,2
14,3,8349,4,2,3
25,6,23154,2,4,5
16,3,5784,3,2,2
21,3,13805,2,2,5
10,7,18380,5,5,5
31,3,8215,1,2,3
15,3,8154,4,2,3
14,2,3773,4,1,1
28,3,6182,1,2,2
13,4,13673,4,3,4
13,4,5107,4,3,2
25,7,18655,2,5,5
13,5,6780,4,4,3
12,6,10139,5,4,4
25,4,14203,2,3,5
21,1,379,2,1,1
18,5,10159,3,4,4
19,2,3634,2,1,1
11,6,8586,5,4,3
12,6,12085,5,4,4
19,4,6176,2,3,2
39,2,5843,1,1,2
23,3,8002,2,2,3
5,5,4633,5,4,2
28,6,8559,1,4,3
16,5,12271,3,4,4
26,1,396,1,1,1
20,4,7898,2,3,3
12,5,5575,5,4,2
12,3,979,5,2,1
21,4,8020,2,3,3
38,4,4418,1,3,2
7,6,12859,5,4,4
30,5,15129,1,4,5
28,4,6280,1,3,2
23,1,1016,2,1,1
21,6,1205,2,4,1
14,1,4320,4,1,2
19,2,7399,2,1,3
18,4,8268,3,3,3
18,6,15608,3,4,5
25,1,1160,2,1,1
22,4,14325,2,3,5
16,5,5529,3,4,2
23,3,8129,2,2,3
14,9,7687,4,5,3
30,4,1359,1,3,1
29,3,4676,1,2,2
26,1,607,1,1,1
17,5,18178,3,4,5
29,1,3580,1,1,1
34,6,24365,1,4,5
16,6,17201,3,4,5
19,4,13245,2,3,4
16,4,11378,3,3,4
22,5,8599,2,4,3
17,8,12134,3,5,4
19,4,6880,2,3,3
27,3,6099,1,2,2
15,5,2718,4,4,1
13,5,5702,4,4,2
25,4,3654,2,3,1
11,9,24032,5,5,5
26,3,3910,1,2,2
39,1,2093,1,1,1
21,5,8329,2,4,3
27,3,12729,1,2,4
26,5,15470,1,4,5
12,4,7666,5,3,3
13,3,10619,4,2,4
6,6,6512,5,4,2
36,3,2061,1,2,1
15,5,24564,4,4,5
14,4,16592,4,3,5
23,3,3301,2,2,1
11,4,9943,5,3,4
18,4,7995,3,3,3
12,6,9084,5,4,3
27,2,6637,1,1,3
14,4,6216,4,3,2
13,5,13987,4,4,5
14,3,11405,4,2,4
4,6,12657,5,4,4
16,1,5154,3,1,2
5,4,2927,5,3,1
27,4,7401,1,3,3
14,10,20772,4,5,5
13,6,14287,4,4,5
38,1,322,1,1,1
21,3,2223,2,2,1
13,3,5227,4,2,2
15,6,10371,4,4,4
14,4,6370,4,3,2
15,6,13295,4,4,4
15,5,18471,4,4,5
25,2,10882,2,1,4
15,5,13998,4,4,5
3,2,1993,5,1,1
13,8,15892,4,5,5
40,2,2207,1,1,1
15,2,1180,4,1,1
14,1,2035,4,1,1
14,4,4097,4,3,2
19,5,5400,2,4,2
19,7,7783,2,5,3
22,4,145,2,3,1
23,6,7054,2,4,3
24,5,9245,2,4,3
23,2,7095,2,1,3
4,6,17665,5,4,5
22,2,6973,2,1,3
33,2,4954,1,1,2
36,1,371,1,1,1
11,11,24272,5,5,5
14,4,10369,4,3,4
15,3,13743,4,2,5
15,4,10166,4,3,4
18,8,16049,3,5,5
14,8,25857,4,5,5
12,5,6660,5,4,3
12,6,5496,5,4,2
32,2,8289,1,1,3
17,6,15734,3,4,5
12,5,16160,5,4,5
24,1,3748,2,1,1
26,4,7286,1,3,3
12,4,6932,5,3,3
13,5,13995,4,4,5
47,1,1319,1,1,1
15,5,23758,4,4,5
28,3,7305,1,2,3
10,5,3591,5,4,1
14,5,8067,4,4,3
16,6,9805,3,4,4
18,3,10225,3,2,4
25,2,6761,2,1,3
14,4,2959,4,3,1
20,3,6775,2,2,3
18,3,16826,3,2,5
21,5,11528,2,4,4
42,1,886,1,1,1
21,6,11052,2,4,4
20,3,5741,2,2,2
11,7,13421,5,5,4
14,2,5971,4,1,2
43,2,2461,1,1,1
12,3,5766,5,2,2
30,4,1796,1,3,1
26,3,8428,1,2,3
12,4,9631,5,3,3
23,3,10562,2,2,4
16,4,8154,3,3,3
11,7,16588,5,5,5
17,2,2839,3,1,1
13,6,13941,4,4,5
30,2,9741,1,1,4
46,1,3995,1,1,2
14,7,16239,4,5,5
40,1,1419,1,1,1
15,9,11196,4,5,4
1,7,8191,5,5,3
32,3,11817,1,2,4
4,2,4568,5,1,2
21,8,3124,2,5,1
38,1,2380,1,1,1
10,8,14307,5,5,5
21,5,9905,2,4,4
12,4,8732,5,3,3
23,5,4551,2,4,2
5,4,10673,5,3,4
17,3,5889,3,2,2
15,4,10080,4,3,4
12,6,714,5,4,1
23,8,17930,2,5,5
12,8,13443,5,5,4
18,3,4227,3,2,2
20,5,8073,2,4,3
10,5,15323,5,4,5
12,4,850,5,3,1
21,6,11636,2,4,4
20,5,3422,2,4,1
11,5,12584,5,4,4
14,7,13772,4,5,5
10,6,14745,5,4,5
45,1,2779,1,1,1
31,1,6381,1,1,2
21,4,4308,2,3,2
16,6,22854,3,4,5
16,6,25048,3,4,5
22,2,2408,2,1,1
12,2,3100,5,1,1
11,5,10738,5,4,4
16,2,7948,3,1,3
11,4,3569,5,3,1
29,1,2274,1,1,1
14,4,5152,4,3,2
12,3,8593,5,2,3
15,5,7989,4,4,3
14,3,2681,4,2,1
12,5,20255,5,4,5
21,4,10065,2,3,4
20,8,21094,2,5,5
13,5,16391,4,4,5
12,5,11120,5,4,4
14,3,4853,4,2,2
11,7,12990,5,5,4
23,4,8097,2,3,3
24,2,2863,2,1,1
24,3,3694,2,2,1
17,1,393,3,1,1
17,2,3400,3,1,1
22,6,6508,2,4,2
19,5,7374,2,4,3
7,5,11485,5,4,4
11,6,11122,5,4,4
15,3,877,4,2,1
22,4,10417,2,3,4
19,2,6537,2,1,2
2,8,10590,5,5,4
9,7,8316,5,5,3
12,6,12646,5,4,4
23,2,2835,2,1,1
14,3,13295,4,2,4
35,2,6874,1,1,3
25,6,7627,2,4,3
16,4,6143,3,3,2
15,4,3906,4,3,2
24,3,3867,2,2,2
31,6,14076,1,4,5
18,2,1392,3,1,1
19,1,1288,2,1,1
14,7,18877,4,5,5
22,6,16594,2,4,5
24,2,6340,2,1,2
10,5,14205,5,4,5
16,7,10014,3,5,4
36,1,845,1,1,1
13,6,9889,4,4,4
31,4,10424,1,3,4
16,4,12175,3,3,4
28,6,5160,1,4,2
25,5,10882,2,4,4
33,1,1668,1,1,1
17,7,3184,3,5,1
29,4,10468,1,3,4
33,3,7460,1,2,3
14,7,14253,4,5,5
17,3,8988,3,2,3
16,7,22837,3,5,5
26,4,1677,1,3,1
14,5,13834,4,4,5
21,3,7150,2,2,3
17,2,8087,3,1,3
16,2,6441,3,1,2
15,8,25817,4,5,5
13,2,8506,4,1,3
10,4,7351,5,3,3
14,4,16145,4,3,5
18,7,16137,3,5,5
13,5,9375,4,4,3
13,5,8239,4,4,3
23,3,10727,2,2,4
10,7,9877,5,5,4
31,6,12615,1,4,4
16,4,4373,3,3,2
17,7,11114,3,5,4
23,3,5447,2,2,2
16,2,6431,3,1,2
20,3,6342,2,2,2
22,3,7248,2,2,3
31,5,9494,1,4,3
16,5,15793,3,4,5
26,4,5812,1,3,2
15,7,13927,4,5,5
19,5,3274,2,4,1
17,6,8793,3,4,3
20,3,11021,2,2,4
19,4,6083,2,3,2
20,4,13789,2,3,5
20,5,9989,2,4,4
17,12,6182,3,5,2
13,6,19064,4,4,5
31,4,6580,1,3,2
13,8,16329,4,5,5
5,6,10053,5,4,4
12,3,4455,5,2,2
21,8,7456,2,5,3
39,2,4274,1,1,2
28,4,7449,1,3,3
18,5,3338,3,4,1
12,2,5186,5,1,2
11,8,10739,5,5,4
16,5,12304,3,4,4
20,2,7112,2,1,3
16,5,18602,3,4,5
16,5,7142,3,4,3
25,1,1582,2,1,1
17,5,10180,3,4,4
25,4,6256,2,3,2
12,4,5517,5,3,2
13,6,14285,4,4,5
21,1,4349,2,1,2
14,7,12257,4,5,4
13,8,13355,4,5,4
12,3,3151,5,2,1
15,3,2897,4,2,1
14,6,21817,4,4,5
28,1,1326,1,1,1
12,8,13555,5,5,4
20,4,15561,2,3,5
16,2,5062,3,1,2
12,9,9244,5,5,3
22,7,11187,2,5,4
2,4,5331,5,3,2
13,2,5071,4,1,2
10,4,13140,5,3,4
13,4,10989,4,3,4
30,4,840,1,3,1
15,3,1184,4,2,1
0,8,23679,5,5,5
12,4,4734,5,3,2
15,4,17249,4,3,5
4,7,3707,5,5,1
11,3,1611,5,2,1
22,5,5526,2,4,2
15,5,6302,4,4,2
15,4,9861,4,3,4
18,5,13782,3,4,5
37,4,8771,1,3,3
10,3,4455,5,2,2
2,5,10403,5,4,4
13,6,11564,4,4,4
33,1,5790,1,1,2
11,4,10617,5,3,4
34,3,4160,1,2,2
15,3,9930,4,2,4
20,6,18516,2,4,5
14,2,3635,4,1,1
10,3,6618,5,2,3
13,3,6610,4,2,2
12,8,8469,5,5,3
30,3,5286,1,2,2
18,3,5054,3,2,2
26,7,16773,1,5,5
16,5,6738,3,4,3
36,3,10124,1,2,4
36,2,1655,1,1,1
28,3,7137,1,2,3
28,4,682,1,3,1
10,5,9961,5,4,4
27,4,7462,1,3,3
10,2,1632,5,1,1
12,8,9415,5,5,3
46,1,751,1,1,1
32,2,4159,1,1,2
13,7,16155,4,5,5
38,3,1530,1,2,1
13,3,364,4,2,1
33,1,1181,1,1,1
21,5,21117,2,4,5
12,5,5889,5,4,2
25,4,5856,2,3,2
11,2,5620,5,1,2
13,3,5182,4,2,2
24,5,9170,2,4,3
18,3,7837,3,2,3
13,4,2528,4,3,1
34,1,3259,1,1,1
14,2,5066,4,1,2
10,3,6404,5,2,2
19,7,7468,2,5,3
2,1,3787,5,1,1
22,2,3720,2,1,1
13,5,11946,4,4,4
25,2,2843,2,1,1
17,6,5070,3,4,2
17,3,1011,3,2,1
11,6,7300,5,4,3
41,2,5380,1,1,2
13,5,13681,4,4,4
17,4,12240,3,3,4
28,1,954,1,1,1
15,7,20366,4,5,5
13,4,10128,4,3,4
11,13,14911,5,5,5
19,2,5165,2,1,2
20,4,7265,2,3,3
14,4,14243,4,3,5
13,4,6671,4,3,3
15,4,3443,4,3,1
19,3,13378,2,2,4
16,3,6441,3,2,2
12,5,7824,5,4,3
15,3,10663,4,2,4
25,2,7275,2,1,3
29,6,21402,1,4,5
10,5,8255,5,4,3
30,2,5144,1,1,2
38,3,6722,1,2,3
19,5,11068,2,4,4
38,1,3397,1,1,1
16,5,11016,3,4,4
32,2,7616,1,1,3
2,3,12153,5,2,4
11,7,11771,5,5,4
15,4,10946,4,3,4
17,2,6100,3,1,2
14,4,8065,4,3,3
18,4,7940,3,3,3
32,3,9452,1,2,3
10,4,14595,5,3,5
30,2,6268,1,1,2
15,7,6780,4,5,3
16,4,4554,3,3,2
12,9,12794,5,5,4
11,4,3089,5,3,1
23,2,9551,2,1,3
10,6,479,5,4,1
17,4,18961,3,3,5
32,2,1520,1,1,1
20,4,8936,2,3,3
18,2,3247,3,1,1
12,10,27321,5,5,5
21,2,4563,2,1,2
15,5,17306,4,4,5
11,9,16649,5,5,5
20,5,12767,2,4,4
12,8,15250,5,5,5
15,3,3679,4,2,1
12,5,18577,5,4,5
13,4,995,4,3,1
11,4,10474,5,3,4
12,3,10016,5,2,4
32,3,8232,1,2,3
27,3,1922,1,2,1
11,3,5795,5,2,2
17,6,14157,3,4,5
12,2,7242,5,1,3
11,4,21858,5,3,5
15,6,11279,4,4,4
18,3,6163,3,2,2
31,4,17356,1,3,5
1,9,25852,5,5,5
12,3,733,5,2,1
24,4,2024,2,3,1
12,8,12196,5,5,4
22,3,2930,2,2,1
6,4,10569,5,3,4
28,3,3785,1,2,1
12,6,23524,5,4,5
8,2,8203,5,1,3
14,3,5258,4,2,2
1,3,1204,5,2,1
17,6,20401,3,4,5
19,6,22641,2,4,5
11,4,9027,5,3,3
15,3,13445,4,2,4
14,7,21472,4,5,5
15,2,8572,4,1,3
15,6,21686,4,4,5
8,7,14654,5,5,5
15,4,16768,4,3,5
10,11,17327,5,5,5
29,3,10551,1,2,4
13,8,2221,4,5,1
33,5,12959,1,4,4
20,4,2910,2,3,1
21,2,6895,2,1,3
14,3,12413,4,2,4
16,3,4239,3,2,2
12,9,20972,5,5,5
32,2,9623,1,1,3
2,3,4103,5,2,2
21,5,7463,2,4,3
14,4,6006,4,3,2
10,9,19790,5,5,5
44,1,760,1,1,1
17,5,5383,3,4,2
1,2,8139,5,1,3
29,1,2350,1,1,1
27,3,12109,1,2,4
27,4,4795,1,3,2
44,1,1732,1,1,1
2,5,13472,5,4,4
18,3,4043,3,2,2
23,6,13824,2,4,5
21,6,14648,2,4,5
16,3,6444,3,2,2
18,3,10940,3,2,4
18,2,6571,3,1,2
17,4,15104,3,3,5
23,4,7020,2,3,3
37,1,1966,1,1,1
12,3,4731,5,2,2
13,6,4059,4,4,2
19,4,4223,2,3,2
32,3,575,1,2,1
12,9,15808,5,5,5
11,5,813,5,4,1
18,5,11662,3,4,4
2,7,12737,5,5,4
4,3,11279,5,2,4
15,4,16187,4,3,5
11,6,14976,5,4,5
22,2,5423,2,1,2
20,7,8191,2,5,3
17,7,16304,3,5,5
7,7,3100,5,5,1
13,7,12275,4,5,4
15,3,6144,4,2,2
9,3,6762,5,2,3
15,4,10129,4,3,4
10,1,3739,5,1,1
17,5,5885,3,4,2
15,5,7666,4,4,3
10,5,5123,5,4,2
19,7,10574,2,5,4
15,8,9989,4,5,4
10,3,9211,5,2,3
10,6,6870,5,4,3
8,5,10318,5,4,4
25,2,3218,2,1,1
17,4,19146,3,3,5
21,3,2772,2,2,1
26,3,4129,1,2,2
38,3,198,1,2,1
14,2,8453,4,1,3
24,5,11582,2,4,4
14,3,14612,4,2,5
21,3,1003,2,2,1
21,4,2331,2,3,1
40,1,4026,1,1,2
12,3,3752,5,2,1
13,6,13176,4,4,4
15,2,2490,4,1,1
45,1,1374,1,1,1
30,3,5037,1,2,2
12,5,9069,5,4,3
6,5,14242,5,4,5
17,9,8177,3,5,3
12,6,20832,5,4,5
26,1,2797,1,1,1
30,5,20754,1,4,5
16,5,10771,3,4,4
14,6,15970,4,4,5
13,6,7678,4,4,3
26,3,13359,1,2,4
0,4,6676,5,3,3
14,1,2649,4,1,1
34,3,7606,1,2,3
33,3,8395,1,2,3
30,3,13867,1,2,5
0,3,4540,5,2,2
15,1,2224,4,1,1
16,2,7712,3,1,3
18,8,14088,3,5,5
25,1,4481,2,1,2
14,2,7207,4,1,3
12,4,7927,5,3,3
16,3,6894,3,2,3
19,3,1931,2,2,1
15,5,15891,4,4,5
25,1,4813,2,1,2
10,3,8439,5,2,3
26,5,9579,1,4,3
13,5,12342,4,4,4
20,4,10168,2,3,4
17,3,4502,3,2,2
11,3,5939,5,2,2
14,5,12268,4,4,4
15,5,4852,4,4,2
25,6,14374,2,4,5
31,4,8169,1,3,3
22,3,8380,2,2,3
12,4,13603,5,3,4
10,4,23314,5,3,5
19,7,5923,2,5,2
19,1,455,2,1,1
14,3,5770,4,2,2
14,5,8956,4,4,3
41,1,428,1,1,1
11,6,15347,5,4,5
26,5,8932,1,4,3
21,5,22387,2,4,5
19,5,5484,2,4,2
12,6,18908,5,4,5
16,5,17236,3,4,5
12,4,26747,5,3,5
27,3,3247,1,2,1
25,4,4803,2,3,2
21,5,13527,2,4,4
14,3,9035,4,2,3
10,9,26430,5,5,5
18,8,8836,3,5,3
10,5,7414,5,4,3
24,3,5925,2,2,2
16,5,8693,3,4,3
26,6,6689,1,4,3
21,4,10090,2,3,4
36,3,10688,1,2,4
15,5,7785,4,4,3
32,3,9909,1,2,4
17,2,2690,3,1,1
33,4,9044,1,3,3
20,2,5331,2,1,2
45,3,2510,1,2,1
14,7,18240,4,5,5
12,2,8346,5,1,3
20,5,10554,2,4,4
14,3,13047,4,2,4
18,4,7046,3,3,3
10,4,12569,5,3,4
30,3,6063,1,2,2
18,7,29063,3,5,5
1,8,10931,5,5,4
20,8,3931,2,5,2
11,5,3649,5,4,1
21,5,12957,2,4,4
16,6,13200,3,4,4
17,2,5697,3,1,2
19,7,15887,2,5,5
12,6,8328,5,4,3
17,4,12820,3,3,4
17,4,8173,3,3,3
15,4,16950,4,3,5
17,2,4833,3,1,2
2,6,16948,5,4,5
17,9,20494,3,5,5
12,4,11640,5,3,4
22,4,5056,2,3,2
14,5,16994,4,4,5
11,10,25452,5,5,5
28,4,13884,1,3,5
21,4,11768,2,3,4
21,3,4229,2,2,2
45,2,3488,1,1,1
13,5,16647,4,4,5
25,6,4541,2,4,2
46,1,4770,1,1,2
15,4,16792,4,3,5
23,2,1880,2,1,1
24,4,9339,2,3,3
14,5,14952,4,4,5
1,5,15019,5,4,5
12,4,7752,5,3,3
11,11,16506,5,5,5
42,1,5109,1,1,2
16,4,13036,3,3,4
14,5,16769,4,4,5
27,2,4406,1,1,2
6,3,10878,5,2,4
10,6,11087,5,4,4
0,10,24098,5,5,5
4,7,14120,5,5,5
30,3,6406,1,2,2
14,9,22315,4,5,5
12,1,7514,5,1,3
15,10,6389,4,5,2
8,8,18127,5,5,5
16,2,6718,3,1,3
15,3,4153,4,2,2
15,4,9063,4,3,3
18,7,16561,3,5,5
15,2,4464,4,1,2
17,2,4784,3,1,2
12,3,5393,5,2,2
18,12,22737,3,5,5
11,4,5587,5,3,2
15,5,8689,4,4,3
29,4,3701,1,3,1
14,3,9511,4,2,3
14,8,9213,4,5,3
19,4,15573,2,3,5
17,1,3500,3,1,1
15,5,11078,4,4,4
10,4,17820,5,3,5
25,8,8921,2,5,3
17,6,24026,3,4,5
12,7,11073,5,5,4
12,8,9034,5,5,3
17,5,15290,3,4,5
20,2,5860,2,1,2
4,7,16199,5,5,5
18,4,5675,3,3,2
26,2,8890,1,1,3
9,6,5653,5,4,2
14,3,8436,4,2,3
10,4,6926,5,3,3
30,2,6437,1,1,2
19,7,21427,2,5,5
21,1,3721,2,1,1
38,3,13231,1,2,4
12,5,7160,5,4,3
8,3,6838,5,2,3
13,3,7072,4,2,3
34,7,8062,1,5,3
23,2,3633,2,1,1
19,4,17979,2,3,5
26,4,9328,1,3,3
12,4,3228,5,3,1
6,8,10293,5,5,4
4,5,13012,5,4,4
12,5,14528,5,4,5
20,3,6338,2,2,2
15,2,2882,4,1,1
12,10,18193,5,5,5
13,3,9047,4,2,3
13,5,2134,4,4,1
14,8,13266,4,5,4
23,2,6301,2,1,2
16,4,12528,3,3,4
17,5,6929,3,4,3
14,3,12293,4,2,4
24,3,8777,2,2,3
14,3,4470,4,2,2
12,7,12858,5,5,4
14,8,23422,4,5,5
44,1,1457,1,1,1
29,4,9154,1,3,3
22,2,7217,2,1,3
18,6,12117,3,4,4
18,4,9007,3,3,3
10,5,16405,5,4,5
34,6,12341,1,4,4
15,6,12349,4,4,4
12,5,9266,5,4,3
12,4,5370,5,3,2
11,2,8877,5,1,3
19,2,5420,2,1,2
25,4,942,2,3,1
24,5,9361,2,4,3
14,2,980,4,1,1
10,7,13342,5,5,4
11,5,14855,5,4,5
25,4,10020,2,3,4
26,2,7497,1,1,3
14,4,3347,4,3,1
36,2,6742,1,1,3
12,6,18324,5,4,5
20,4,8967,2,3,3
26,4,5213,1,3,2
18,2,9210,3,1,3
8,9,11048,5,5,4
15,4,10785,4,3,4
0,5,10215,5,4,4
11,7,10221,5,5,4
23,3,8288,2,2,3
21,6,13658,2,4,4
12,3,9964,5,2,4
7,7,11498,5,5,4
11,5,7031,5,4,3
21,3,3655,2,2,1
20,4,3703,2,3,1
11,4,3885,5,3,2
25,6,4026,2,4,2
14,2,4033,4,1,2
13,3,5928,4,2,2
21,3,3614,2,2,1
10,10,25540,5,5,5
10,10,8445,5,5,3
20,5,11899,2,4,4
11,7,6876,5,5,3
0,3,7922,5,2,3
13,4,11898,4,3,4
12,3,607,5,2,1
13,3,3381,4,2,1
16,4,9779,3,3,4
13,3,5975,4,2,2
16,2,1499,3,1,1
47,1,861,1,1,1
20,4,13809,2,3,5
10,8,13935,5,5,5
45,2,2631,1,1,1
27,4,4397,1,3,2
14,4,5099,4,3,2
14,2,6806,4,1,3
1,5,15790,5,4,5
14,3,3328,4,2,1
11,7,20861,5,5,5
19,4,4428,2,3,2
15,4,8317,4,3,3
13,3,1727,4,2,1
31,1,2625,1,1,1
25,1,734,2,1,1
34,1,1655,1,1,1
32,1,110,1,1,1
37,1,1365,1,1,1
25,3,4779,2,2,2
18,3,1096,3,2,1
1,4,13145,5,3,4
14,3,6791,4,2,3
10,5,3139,5,4,1
21,7,11624,2,5,4
24,6,9517,2,4,3
16,4,17499,3,3,5
37,2,3707,1,1,1
16,2,8414,3,1,3
12,4,8732,5,3,3
23,6,15693,2,4,5
11,13,10054,5,5,4
23,1,6585,2,1,2
14,7,27338,4,5,5
10,3,7080,5,2,3
21,8,8027,2,5,3
13,3,13331,4,2,4
12,6,13359,5,4,4
16,3,7480,3,2,3
17,2,6749,3,1,3
27,5,6316,1,4,2
15,4,13820,4,3,5
14,8,8802,4,5,3
14,6,4000,4,4,2
28,2,3549,1,1,1
15,10,10094,4,5,4
24,4,13725,2,3,5
21,3,6477,2,2,2
13,5,13331,4,4,4
11,4,7607,5,3,3
20,1,573,2,1,1
16,5,6474,3,4,2
17,5,11906,3,4,4
16,6,8086,3,4,3
40,3,5709,1,2,2
14,6,17570,4,4,5
15,4,9105,4,3,3
19,5,12315,2,4,4
18,3,9114,3,2,3
16,4,1693,3,3,1
34,2,3270,1,1,1
12,6,13585,5,4,4
14,6,4137,4,4,2
21,6,8664,2,4,3
22,6,12909,2,4,4
13,4,8070,4,3,3
14,6,21959,4,4,5
12,7,14761,5,5,5
21,5,9821,2,4,4
14,2,5028,4,1,2
26,3,10388,1,2,4
12,3,5516,5,2,2
21,5,11951,2,4,4
18,6,15071,3,4,5
16,7,8054,3,5,3
13,4,12900,4,3,4
23,3,4884,2,2,2
12,5,10959,5,4,4
12,5,11168,5,4,4
12,5,12758,5,4,4
12,4,15686,5,3,5
11,7,14425,5,5,5
15,3,3635,4,2,1
6,1,760,5,1,1
18,6,12124,3,4,4
16,7,22192,3,5,5
32,3,3431,1,2,1
16,3,11637,3,2,4
22,6,18628,2,4,5
31,2,3457,1,1,1
11,8,21834,5,5,5
9,3,13397,5,2,4
36,2,5793,1,1,2
19,8,14168,2,5,5
12,7,9659,5,5,4
15,6,17350,4,4,5
12,3,5975,5,2,2
26,7,4492,1,5,2
23,6,10887,2,4,4
20,2,1416,2,1,1
21,2,7036,2,1,3
12,9,16594,5,5,5
47,1,2168,1,1,1
26,1,1836,1,1,1
17,4,5229,3,3,2
12,4,5464,5,3,2
12,7,10868,5,5,4
13,3,3139,4,2,1
15,5,19312,4,4,5
10,5,16971,5,4,5
27,6,13285,1,4,4
32,2,3787,1,1,1
15,5,10587,4,4,4
19,6,10135,2,4,4
11,5,12862,5,4,4
36,1,1363,1,1,1
15,5,10653,4,4,4
29,1,3374,1,1,1
26,2,6478,1,1,2
14,8,15212,4,5,5
42,1,2347,1,1,1
16,4,1201,3,3,1
22,3,2550,2,2,1
18,6,9811,3,4,4
11,4,5759,5,3,2
42,2,3342,1,1,1
43,3,3132,1,2,1
12,6,7567,5,4,3
18,3,5227,3,2,2
22,5,9781,2,4,4
1,7,10362,5,5,4
14,6,17025,4,4,5
12,4,6618,5,3,3
20,3,7417,2,2,3
18,7,11084,3,5,4
24,8,22188,2,5,5
16,3,9204,3,2,3
11,5,1989,5,4,1
14,5,15099,4,4,5
33,1,1089,1,1,1
39,1,633,1,1,1
17,2,6992,3,1,3
18,3,6074,3,2,2
14,1,904,4,1,1
30,6,9631,1,4,3
14,5,6796,4,4,3
14,8,17114,4,5,5
16,2,7404,3,1,3
38,2,4278,1,1,2
15,8,14536,4,5,5
14,2,5013,4,1,2
17,5,13810,3,4,5
16,3,1077,3,2,1
15,1,243,4,1,1
17,6,8177,3,4,3
11,8,19910,5,5,5
11,9,10641,5,5,4
14,7,12693,4,5,4
13,6,15779,4,4,5
23,1,950,2,1,1
21,9,10559,2,5,4
14,3,7560,4,2,3
14,7,3121,4,5,1
14,8,19566,4,5,5
36,3,7931,1,2,3
18,4,20078,3,3,5
21,1,3187,2,1,1
13,4,10647,4,3,4
13,3,7606,4,2,3
17,2,5494,3,1,2
13,7,6448,4,5,2
39,1,6221,1,1,2
12,4,10127,5,3,4
29,3,288,1,2,1
3,5,11250,5,4,4
30,5,7066,1,4,3
29,1,371,1,1,1
20,5,15688,2,4,5
36,3,17968,1,2,5
29,5,1937,1,4,1
11,5,8080,5,4,3
17,10,17310,3,5,5
16,5,17987,3,4,5
25,2,2059,2,1,1
13,6,10305,4,4,4
12,4,17515,5,3,5
18,4,8371,3,3,3
20,3,12483,2,2,4
22,4,18579,2,3,5
42,1,654,1,1,1
17,2,10228,3,1,4
23,2,1440,2,1,1
14,6,18375,4,4,5
12,3,8049,5,2,3
15,8,26492,4,5,5
28,3,4488,1,2,2
9,10,14308,5,5,5
13,2,3244,4,1,1
9,9,20549,5,5,5
25,3,8329,2,2,3
13,5,5883,4,4,2
16,3,13446,3,2,4
8,4,8361,5,3,3
0,3,4843,5,2,2
13,8,13376,4,5,4
23,9,16684,2,5,5
22,6,23001,2,4,5
13,4,10809,4,3,4
22,6,15651,2,4,5
17,6,16654,3,4,5
17,6,5153,3,4,2
14,3,6632,4,2,3
26,5,5187,1,4,2
13,4,7806,4,3,3
30,2,4862,1,1,2
11,7,19747,5,5,5
42,2,4302,1,1,2
12,4,7308,5,3,3
18,8,19196,3,5,5
20,4,19905,2,3,5
15,6,4092,4,4,2
5,1,544,5,1,1
19,3,7775,2,2,3
19,7,12742,2,5,4
20,3,11091,2,2,4
18,6,10803,3,4,4
13,1,4225,4,1,2
31,1,2892,1,1,1
11,6,4825,5,4,2
0,6,5791,5,4,2
19,5,8819,2,4,3
11,2,8959,5,1,3
12,2,4534,5,1,2
31,2,2492,1,1,1
12,6,16337,5,4,5
16,6,15358,3,4,5
12,4,11713,5,3,4
23,3,12129,2,2,4
0,6,15507,5,4,5
12,3,13732,5,2,5
27,2,11659,1,1,4
3,9,8638,5,5,3
12,2,6088,5,1,2
11,4,10761,5,3,4
11,4,7384,5,3,3
41,1,1167,1,1,1
6,2,6879,5,1,3
12,10,11385,5,5,4
15,7,10051,4,5,4
14,3,3201,4,2,1
12,4,6824,5,3,3
26,4,6797,1,3,3
16,8,12529,3,5,4
16,4,4402,3,3,2
13,2,11875,4,1,4
15,6,8836,4,4,3
15,3,2309,4,2,1
20,2,1100,2,1,1
25,5,12947,2,4,4
34,1,301,1,1,1
12,2,9083,5,1,3
14,6,1506,4,4,1
23,4,14369,2,3,5
3,3,6060,5,2,2
38,2,6734,1,1,3
26,4,1301,1,3,1
17,4,12395,3,3,4
11,5,13020,5,4,4
21,3,9876,2,2,4
37,2,11602,1,1,4
28,1,1377,1,1,1
14,5,10253,4,4,4
11,7,11187,5,5,4
14,6,5709,4,4,2
19,4,11485,2,3,4
16,5,7501,3,4,3
22,1,7060,2,1,3
11,2,4110,5,1,2
16,4,12042,3,3,4
12,4,11843,5,3,4
21,3,5018,2,2,2
16,4,8133,3,3,3
20,6,1117,2,4,1
1,6,17050,5,4,5
22,6,9483,2,4,3
14,6,19251,4,4,5
27,3,291,1,2,1
28,5,6862,1,4,3
25,3,6257,2,2,2
14,2,4992,4,1,2
14,2,2555,4,1,1
15,11,10036,4,5,4
13,6,5109,4,4,2
17,4,9784,3,3,4
11,5,4571,5,4,2
19,7,9548,2,5,3
12,2,8418,5,1,3
10,5,16605,5,4,5
18,3,12735,3,2,4
13,1,2807,4,1,1
18,4,12590,3,3,4
11,7,14340,5,5,5
22,4,5275,2,3,2
15,6,12724,4,4,4
16,3,8351,3,2,3
15,7,10802,4,5,4
26,5,8688,1,4,3
13,9,14709,4,5,5
15,8,4842,4,5,2
19,5,6582,2,4,2
26,2,7230,1,1,3
17,5,5824,3,4,2
11,7,24327,5,5,5
24,3,3740,2,2,1
14,1,6161,4,1,2
22,2,4768,2,1,2
4,3,11447,5,2,4
14,5,10770,4,4,4
31,2,4288,1,1,2
5,3,3459,5,2,1
25,5,17513,2,4,5
15,6,7920,4,4,3
13,2,3351,4,1,1
13,5,10500,4,4,4
10,1,3431,5,1,1
18,3,1991,3,2,1
19,6,15854,2,4,5
26,7,9363,1,5,3
34,2,7033,1,1,3
15,5,8643,4,4,3
16,7,7225,3,5,3
14,6,11333,4,4,4
23,2,1102,2,1,1
26,2,5210,1,1,2
27,2,1272,1,1,1
18,3,10809,3,2,4
22,3,2386,2,2,1
15,8,19764,4,5,5
14,5,18223,4,4,5
11,6,10696,5,4,4
13,8,14966,4,5,5
23,3,5362,2,2,2
2,7,18744,5,5,5
1,7,21550,5,5,5
6,5,5221,5,4,2
27,2,8035,1,1,3
39,2,1672,1,1,1
24,4,6907,2,3,3
24,4,4101,2,3,2
38,1,1407,1,1,1
3,6,17104,5,4,5
13,4,2476,4,3,1
12,3,2926,5,2,1
4,7,16915,5,5,5
11,3,3871,5,2,2
26,3,7396,1,2,3
27,1,2099,1,1,1
23,4,12829,2,3,4
12,10,15836,5,5,5
18,4,10709,3,3,4
17,5,5394,3,4,2
34,1,616,1,1,1
19,6,12889,2,4,4
11,5,15896,5,4,5
11,5,9262,5,4,3
16,8,5946,3,5,2
12,5,11990,5,4,4
12,7,11006,5,5,4
26,7,12037,1,5,4
35,1,1594,1,1,1
17,4,7237,3,3,3
14,4,3412,4,3,1
12,4,3059,5,3,1
13,6,23862,4,4,5
11,5,20754,5,4,5
15,6,7815,4,4,3
12,4,16881,5,3,5
12,6,5205,5,4,2
26,2,2846,1,1,1
14,4,1686,4,3,1
0,5,13236,5,4,4
21,5,22362,2,4,5
24,2,2053,2,1,1
35,3,3258,1,2,1
2,2,1464,5,1,1
14,4,10928,4,3,4
14,5,15747,4,4,5
20,5,18478,2,4,5
41,2,2040,1,1,1
16,4,5678,3,3,2
12,4,9011,5,3,3
16,4,7389,3,3,3
12,8,18298,5,5,5
14,6,5562,4,4,2
0,3,7548,5,2,3
12,3,8088,5,2,3
19,3,12381,2,2,4
3,6,4436,5,4,2
11,7,5074,5,5,2
35,2,2975,1,1,1
15,3,3785,4,2,1
15,2,5468,4,1,2
2,4,5291,5,3,2
12,4,15879,5,3,5
15,9,8581,4,5,3
32,5,8352,1,4,3
27,4,9402,1,3,3
16,3,6639,3,2,3
11,5,13149,5,4,4
18,6,7266,3,4,3
21,4,17064,2,3,5
14,1,4654,4,1,2
12,4,5250,5,3,2
4,5,25662,5,4,5
9,5,6043,5,4,2
24,6,10766,2,4,4
16,7,17975,3,5,5
1,8,17854,5,5,5
23,4,15990,2,3,5
17,4,9161,3,3,3
18,6,15265,3,4,5
9,7,3003,5,5,1
17,3,4568,3,2,2
15,3,6905,4,2,3
10,4,6300,5,3,2
10,4,6492,5,3,2
14,1,1097,4,1,1
17,5,4530,3,4,2
10,8,12917,5,5,4
6,7,7236,5,5,3
6,7,16298,5,5,5
25,2,2843,2,1,1
15,5,19393,4,4,5
31,6,20255,1,4,5
25,3,14211,2,2,5
16,6,4418,3,4,2
29,2,12490,1,1,4
16,1,1629,3,1,1
14,5,12595,4,4,4
8,4,14338,5,3,5
28,2,7983,1,1,3
33,2,6337,1,1,2
13,6,9724,4,4,4
2,6,4391,5,4,2
14,3,7571,4,2,3
22,1,3960,2,1,2
14,2,2702,4,1,1
24,5,6938,2,4,3
20,5,3245,2,4,1
15,3,7672,4,2,3
43,1,759,1,1,1
17,2,5026,3,1,2
25,4,6337,2,3,2
11,2,8617,5,1,3
10,4,4382,5,3,2
17,2,4173,3,1,2
3,5,18372,5,4,5
21,5,3575,2,4,1
41,1,5922,1,1,2
14,3,7972,4,2,3
16,6,12374,3,4,4
17,5,16705,3,4,5
25,6,5355,2,4,2
16,3,492,3,2,1
27,4,4698,1,3,2
12,2,4846,5,1,2
14,7,28269,4,5,5
12,2,6338,5,1,2
16,2,922,3,1,1
12,4,9347,5,3,3
16,6,21064,3,4,5
16,5,10063,3,4,4
16,3,12029,3,2,4
19,9,21158,2,5,5
18,6,8125,3,4,3
12,8,9374,5,5,3
18,7,13477,3,5,4
24,3,3053,2,2,1
7,4,8680,5,3,3
27,4,5270,1,3,2
16,7,13598,3,5,4
16,3,15411,3,2,5
28,3,1795,1,2,1
12,3,8809,5,2,3
12,5,11043,5,4,4
12,4,3055,5,3,1
0,6,15759,5,4,5
17,4,11025,3,3,4
20,10,18707,2,5,5
36,2,7533,1,1,3
16,4,2911,3,3,1
27,6,9360,1,4,3
31,4,9268,1,3,3
21,4,9301,2,3,3
17,4,6341,3,3,2
6,6,17408,5,4,5
3,10,14869,5,5,5
25,3,14282,2,2,5
19,5,11259,2,4,4
22,1,6143,2,1,2
17,2,5641,3,1,2
22,5,11078,2,4,4
36,2,3227,1,1,1
35,5,10636,1,4,4
40,1,7397,1,1,3
20,4,7468,2,3,3
19,7,8338,2,5,3
10,2,4306,5,1,2
43,2,3986,1,1,2
13,3,1792,4,2,1
20,6,20639,2,4,5
11,7,7725,5,5,3
14,4,6351,4,3,2
17,3,8879,3,2,3
11,2,9848,5,1,4
26,7,16393,1,5,5
1,5,8348,5,4,3
32,7,6216,1,5,2
34,1,2875,1,1,1
25,4,15853,2,3,5
13,8,9425,4,5,3
11,6,15350,5,4,5
3,6,17039,5,4,5
12,7,14629,5,5,5
25,8,19144,2,5,5
10,6,4375,5,4,2
20,2,2277,2,1,1
18,6,5486,3,4,2
17,1,2745,3,1,1
20,5,11216,2,4,4
8,9,19512,5,5,5
7,4,14760,5,3,5
25,2,4544,2,1,2
15,4,7627,4,3,3
14,7,15046,4,5,5
13,5,9186,4,4,3
31,1,2658,1,1,1
22,4,8449,2,3,3
3,8,8351,5,5,3
10,4,13214,5,3,4
14,5,5842,4,4,2
15,4,4786,4,3,2
13,1,4055,4,1,2
40,4,4137,1,3,2
18,7,13535,3,5,4
14,2,8726,4,1,3
35,4,7528,1,3,3
25,3,3968,2,2,2
12,4,14073,5,3,5
16,4,14949,3,3,5
18,2,2256,3,1,1
17,2,5323,3,1,2
18,5,8727,3,4,3
13,2,9420,4,1,3
29,5,14093,1,4,5
19,2,8088,2,1,3
28,4,6624,1,3,3
23,5,6423,2,4,2
12,5,8996,5,4,3
11,9,12461,5,5,4
10,6,20642,5,4,5
26,6,17612,1,4,5
26,5,12680,1,4,4
40,2,2811,1,1,1
20,7,7963,2,5,3
20,3,391,2,2,1
21,4,9073,2,3,3
21,3,12415,2,2,4
19,5,4136,2,4,2
26,1,3619,1,1,1
14,2,2994,4,1,1
14,6,8676,4,4,3
16,4,7542,3,3,3
12,8,24196,5,5,5
12,6,9859,5,4,4
13,2,1843,4,1,1
16,4,4312,3,3,2
8,5,2037,5,4,1
18,4,10570,3,3,4
9,3,644,5,2,1
19,3,2139,2,2,1
29,4,14877,1,3,5
17,4,11784,3,3,4
19,3,7015,2,2,3
17,6,11957,3,4,4
1,9,19510,5,5,5
12,7,13461,5,5,4
14,5,10855,4,4,4
14,4,6321,4,3,2
23,2,11668,2,1,4
20,5,13559,2,4,4
15,5,6561,4,4,2
37,2,8596,1,1,3
13,4,4402,4,3,2
17,1,4976,3,1,2
11,8,13873,5,5,5
13,4,5957,4,3,2
11,7,18863,5,5,5
10,5,5769,5,4,2
12,9,6603,5,5,2
18,3,9509,3,2,3
16,5,4864,3,4,2
2,8,14616,5,5,5
29,2,1109,1,1,1
20,4,6406,2,3,2
32,3,2690,1,2,1
14,2,6854,4,1,3
25,3,9357,2,2,3
11,2,3106,5,1,1
26,2,2653,1,1,1
12,4,6992,5,3,3
13,5,3961,4,4,2
20,7,18355,2,5,5
3,7,13906,5,5,5
12,5,20587,5,4,5
8,4,10682,5,3,4
39,2,8591,1,1,3
10,10,12240,5,5,4
24,4,3081,2,3,1
12,5,17267,5,4,5
20,4,13367,2,3,4
16,2,1743,3,1,1
16,5,6839,3,4,3
19,1,3033,2,1,1
25,5,14791,2,4,5
12,10,14177,5,5,5
15,4,10349,4,3,4
12,3,3865,5,2,2
11,7,15537,5,5,5
8,3,1642,5,2,1
14,6,19063,4,4,5
16,6,13369,3,4,4
12,2,3502,5,1,1
15,7,18923,4,5,5
5,4,3231,5,3,1
13,7,12624,4,5,4
7,3,4534,5,2,2
21,5,6222,2,4,2
11,4,8348,5,3,3
29,2,2939,1,1,1
20,6,16212,2,4,5
12,2,3392,5,1,1
3,10,17196,5,5,5
40,3,2075,1,2,1
38,2,1361,1,1,1
38,3,7374,1,2,3
15,4,7730,4,3,3
17,6,22822,3,4,5
5,2,5898,5,1,2
21,6,18082,2,4,5
20,6,7361,2,4,3
23,7,7313,2,5,3
13,7,14536,4,5,5
15,5,10139,4,4,4
29,3,10128,1,2,4
40,3,6127,1,2,2
15,6,9417,4,4,3
26,6,14651,1,4,5
11,4,13678,5,3,4
12,4,7086,5,3,3
9,8,24254,5,5,5
27,3,9575,1,2,3
33,5,7894,1,4,3
13,6,8740,4,4,3
26,2,4312,1,1,2
22,8,11638,2,5,4
9,9,22389,5,5,5
17,9,23871,3,5,5
12,10,20267,5,5,5
27,4,13562,1,3,4
14,4,3889,4,3,2
12,4,9046,5,3,3
12,11,24974,5,5,5
21,7,11321,2,5,4
13,3,807,4,2,1
21,4,7839,2,3,3
11,4,9719,5,3,4
33,2,2550,1,1,1
18,3,11853,3,2,4
16,5,16850,3,4,5
19,4,5284,2,3,2
19,1,387,2,1,1
23,4,10108,2,3,4
8,5,5310,5,4,2
14,3,1643,4,2,1
40,4,2327,1,3,1
13,9,14862,4,5,5
27,4,6507,1,3,2
13,3,10066,4,2,4
30,3,8805,1,2,3
20,6,10209,2,4,4
35,2,5496,1,1,2
23,4,16850,2,3,5
11,4,12248,5,3,4
13,4,8855,4,3,3
32,2,5559,1,1,2
20,2,3501,2,1,1
16,4,4744,3,3,2
14,7,6214,4,5,2
23,2,1330,2,1,1
38,1,232,1,1,1
19,4,6199,2,3,2
18,5,18667,3,4,5
13,7,25775,4,5,5
28,3,7905,1,2,3
40,1,1623,1,1,1
33,3,1359,1,2,1
9,4,5171,5,3,2
20,3,7175,2,2,3
13,2,3053,4,1,1
15,6,17535,4,4,5
16,3,822,3,2,1
11,4,6675,5,3,3
19,7,8199,2,5,3
14,3,7517,4,2,3
11,11,31969,5,5,5
23,1,5077,2,1,2
13,2,3717,4,1,1
13,3,1890,4,2,1
19,9,17383,2,5,5
12,9,16693,5,5,5
30,2,3185,1,1,1
30,1,1977,1,1,1
17,9,11420,3,5,4
19,2,3821,2,1,2
22,4,9520,2,3,3
14,6,14544,4,4,5
14,3,8543,4,2,3
24,4,12247,2,3,4
13,2,10121,4,1,4
16,4,6421,3,3,2
15,3,11279,4,2,4
26,3,2962,1,2,1
15,7,27705,4,5,5
14,5,25074,4,4,5
13,5,6016,4,4,2
12,5,11061,5,4,4
16,6,15942,3,4,5
38,4,2729,1,3,1
13,8,10466,4,5,4
13,4,4085,4,3,2
12,7,24400,5,5,5
15,5,19358,4,4,5
24,1,3490,2,1,1
17,4,2738,3,3,1
11,1,6506,5,1,2
19,9,20156,2,5,5
21,6,10031,2,4,4
12,5,16693,5,4,5
22,5,14382,2,4,5
12,3,2825,5,2,1
25,4,8058,2,3,3
15,5,18264,4,4,5
13,7,3850,4,5,2
19,2,10437,2,1,4
27,4,8119,1,3,3
13,7,16187,4,5,5
15,8,12582,4,5,4
17,6,7169,3,4,3
15,2,3681,4,1,1
18,6,8120,3,4,3
12,7,12916,5,5,4
29,4,1739,1,3,1
13,6,2007,4,4,1
13,7,18591,4,5,5
22,3,10339,2,2,4
12,4,12283,5,3,4
10,3,7898,5,2,3
31,2,8733,1,1,3
9,7,7740,5,5,3
42,1,5994,1,1,2
24,4,13613,2,3,4
10,5,18524,5,4,5
27,2,5140,1,1,2
12,1,1406,5,1,1
6,2,7868,5,1,3
2,4,5844,5,3,2
12,8,27560,5,5,5
11,6,7651,5,4,3
34,2,5793,1,1,2
22,2,2498,2,1,1
15,5,14826,4,4,5
14,2,8674,4,1,3
13,2,1363,4,1,1
12,4,10403,5,3,4
16,2,2562,3,1,1
20,1,477,2,1,1
21,5,3438,2,4,1
23,3,4696,2,2,2
15,10,7867,4,5,3
15,4,1100,4,3,1
12,7,5060,5,5,2
18,2,7045,3,1,3
24,3,10326,2,2,4
12,6,7880,5,4,3
16,6,14447,3,4,5
26,3,9314,1,2,3
12,3,5111,5,2,2
11,2,12716,5,1,4
27,3,6445,1,2,2
28,2,7014,1,1,3
15,4,14845,4,3,5
12,6,12643,5,4,4
24,6,17802,2,4,5
12,2,5696,5,1,2
17,7,6183,3,5,2
10,6,18323,5,4,5
11,1,1362,5,1,1
21,2,2186,2,1,1
27,4,10079,1,3,4
13,3,3481,4,2,1
18,5,5432,3,4,2
14,4,15753,4,3,5
15,3,8186,4,2,3
16,4,12592,3,3,4
21,4,17991,2,3,5
12,5,9407,5,4,3
24,5,4115,2,4,2
7,6,8159,5,4,3
12,2,1438,5,1,1
16,5,16138,3,4,5
19,4,8856,2,3,3
19,3,4247,2,2,2
14,4,7950,4,3,3
7,10,22540,5,5,5
24,3,7564,2,2,3
42,3,6254,1,2,2
12,7,19848,5,5,5
12,6,15205,5,4,5
34,1,4200,1,1,2
7,4,3510,5,3,1
11,5,10678,5,4,4
38,2,5801,1,1,2
17,9,12332,3,5,4
33,2,10015,1,1,4
27,2,1934,1,1,1
16,8,9872,3,5,4
26,1,1674,1,1,1
12,9,21011,5,5,5
19,2,1655,2,1,1
14,2,2018,4,1,1
36,1,209,1,1,1
16,7,11229,3,5,4
31,2,3739,1,1,1
15,4,11024,4,3,4
17,1,1310,3,1,1
12,5,4752,5,4,2
15,3,1872,4,2,1
11,6,2843,5,4,1
12,4,9133,5,3,3
21,6,6544,2,4,2
19,4,5658,2,3,2
13,4,2382,4,3,1
42,1,3208,1,1,1
30,1,2646,1,1,1
6,2,8963,5,1,3
25,1,169,2,1,1
14,4,9318,4,3,3
27,3,6497,1,2,2
14,3,9034,4,2,3
19,2,7478,2,1,3
12,2,6613,5,1,3
13,5,19453,4,4,5
20,4,8988,2,3,3
23,3,7203,2,2,3
29,3,9932,1,2,4
11,3,6277,5,2,2
26,3,6168,1,2,2
19,2,3370,2,1,1
4,3,10266,5,2,4
13,2,2076,4,1,1
19,6,3488,2,4,1
21,9,5737,2,5,2
15,6,15739,4,4,5
15,4,8916,4,3,3
5,7,13751,5,5,5
16,8,21588,3,5,5
12,3,11777,5,2,4
29,2,7201,1,1,3
10,5,19075,5,4,5
18,3,7654,3,2,3
11,5,4757,5,4,2
35,2,3061,1,1,1
33,1,1277,1,1,1
16,4,4336,3,3,2
10,3,9193,5,2,3
15,3,3499,4,2,1
14,4,12578,4,3,4
33,2,6333,1,1,2
14,4,17856,4,3,5
32,2,4832,1,1,2
14,4,7936,4,3,3
27,5,2721,1,4,1
14,11,22162,4,5,5
23,1,3222,2,1,1
31,3,13430,1,2,4
12,3,8531,5,2,3
0,5,11840,5,4,4
14,5,6917,4,4,3
16,3,9296,3,2,3
11,3,9302,5,2,3
14,2,1174,4,1,1
29,1,1902,1,1,1
27,4,10673,1,3,4
25,5,13563,2,4,4
24,3,3480,2,2,1
13,5,10992,4,4,4
27,4,12057,1,3,4
36,5,6765,1,4,3
40,1,245,1,1,1
15,5,2169,4,4,1
15,5,18415,4,4,5
12,5,17646,5,4,5
7,12,26788,5,5,5
14,7,18257,4,5,5
22,5,11784,2,4,4
16,3,187,3,2,1
42,1,2229,1,1,1
11,4,9915,5,3,4
10,8,21514,5,5,5
39,1,2496,1,1,1
21,3,7490,2,2,3
18,2,6964,3,1,3
27,5,4393,1,4,2
17,8,21604,3,5,5
31,7,6695,1,5,3
19,4,3791,2,3,1
17,5,7272,3,4,3
13,5,16971,4,4,5
20,3,5545,2,2,2
18,6,14762,3,4,5
14,7,16866,4,5,5
12,7,7470,5,5,3
1,6,13446,5,4,4
7,6,12215,5,4,4
23,1,266,2,1,1
13,7,9045,4,5,3
18,7,16524,3,5,5
11,6,14054,5,4,5
1,4,8201,5,3,3
35,1,7403,1,1,3
16,3,10978,3,2,4
14,9,16652,4,5,5
26,5,6909,1,4,3
13,8,16565,4,5,5
17,2,1849,3,1,1
11,4,9017,5,3,3
12,8,14807,5,5,5
27,2,7603,1,1,3
12,7,3674,5,5,1
40,1,3261,1,1,1
14,6,14179,4,4,5
12,7,13078,5,5,4
23,1,289,2,1,1
24,3,1403,2,2,1
18,2,1366,3,1,1
14,6,15595,4,4,5
15,6,13142,4,4,4
8,4,7120,5,3,3
11,11,32401,5,5,5
26,5,12271,1,4,4
30,4,7097,1,3,3
30,2,1334,1,1,1
16,7,9844,3,5,4
13,4,9622,4,3,3
29,2,8466,1,1,3
16,3,6576,3,2,2
20,5,7190,2,4,3
28,2,11548,1,1,4
25,7,21494,2,5,5
36,4,10406,1,3,4
12,3,6862,5,2,3
40,1,2632,1,1,1
19,3,8241,2,2,3
19,5,6028,2,4,2
25,5,15667,2,4,5
22,2,2517,2,1,1
30,3,8663,1,2,3
14,5,8510,4,4,3
13,8,13159,4,5,4
15,3,5665,4,2,2
11,5,12467,5,4,4
43,1,2088,1,1,1
45,1,1909,1,1,1
14,7,10264,4,5,4
35,2,3562,1,1,1
14,7,21371,4,5,5
11,6,15344,5,4,5
32,5,17825,1,4,5
12,6,7251,5,4,3
24,2,3538,2,1,1
19,4,17222,2,3,5
18,2,2182,3,1,1
41,2,6510,1,1,2
38,4,8353,1,3,3
41,1,1595,1,1,1
18,2,3096,3,1,1
16,5,4500,3,4,2
12,6,5292,5,4,2
26,2,8175,1,1,3
14,4,7297,4,3,3
17,5,15019,3,4,5
41,3,3976,1,2,2
28,4,7375,1,3,3
23,4,6875,2,3,3
24,4,3025,2,3,1
13,6,16052,4,4,5
27,2,4229,1,1,2
24,5,2661,2,4,1
12,4,4555,5,3,2
20,5,8714,2,4,3
29,3,913,1,2,1
19,4,4855,2,3,2
33,2,9769,1,1,4
14,7,19127,4,5,5
35,2,7674,1,1,3
17,3,10204,3,2,4
18,2,5845,3,1,2
17,1,1040,3,1,1
44,1,6263,1,1,2
12,5,7668,5,4,3
17,4,4048,3,3,2
29,6,6778,1,4,3
29,1,3865,1,1,2
25,4,840,2,3,1
19,8,12363,2,5,4
9,5,7853,5,4,3
23,4,9746,2,3,4
13,8,24727,4,5,5
13,2,8286,4,1,3
13,3,10247,4,2,4
24,3,4100,2,2,2
16,5,12236,3,4,4
17,2,4306,3,1,2
16,2,3452,3,1,1
11,6,12569,5,4,4
29,4,2395,1,3,1
15,4,9905,4,3,4
11,4,4456,5,3,2
10,4,5568,5,3,2
15,6,8337,4,4,3
38,3,6281,1,2,2
11,5,5803,5,4,2
13,3,8098,4,2,3
18,3,2063,3,2,1
18,6,22349,3,4,5
14,5,11696,4,4,4
14,5,15692,4,4,5
12,7,13904,5,5,5
18,2,3263,3,1,1
2,7,19720,5,5,5
13,7,14563,4,5,5
15,4,12480,4,3,4
14,3,3709,4,2,1
14,4,4808,4,3,2
12,8,27876,5,5,5
43,1,4431,1,1,2
23,3,4306,2,2,2
20,4,9763,2,3,4
14,8,20501,4,5,5
13,7,17856,4,5,5
21,1,1617,2,1,1
10,5,7120,5,4,3
19,3,8231,2,2,3
16,3,10031,3,2,4
13,6,14713,4,4,5
13,1,651,4,1,1
25,5,6758,2,4,3
11,2,4399,5,1,2
14,5,8759,4,4,3
12,8,15008,5,5,5
21,2,7753,2,1,3
30,2,3764,1,1,1
24,5,9117,2,4,3
14,5,5112,4,4,2
21,3,10002,2,2,4
16,4,6715,3,3,3
12,9,19916,5,5,5
19,3,10264,2,2,4
14,2,3860,4,1,2
13,3,2461,4,2,1
24,5,3998,2,4,2
13,3,7610,4,2,3
11,6,17176,5,4,5
6,5,10105,5,4,4
25,4,12097,2,3,4
13,4,8866,4,3,3
18,7,27791,3,5,5
12,5,1642,5,4,1
11,7,18101,5,5,5
21,6,12687,2,4,4
11,4,15077,5,3,5
17,5,12947,3,4,4
15,5,11959,4,4,4
27,2,9954,1,1,4
14,2,5336,4,1,2
19,5,5372,2,4,2
15,1,1162,4,1,1
38,1,1271,1,1,1
12,5,14914,5,4,5
12,6,12068,5,4,4
27,5,19018,1,4,5
19,2,2429,2,1,1
15,5,6862,4,4,3
13,6,17036,4,4,5
36,1,742,1,1,1
13,7,13591,4,5,4
19,7,23002,2,5,5
21,7,19501,2,5,5
21,4,9442,2,3,3
7,6,18867,5,4,5
13,6,9834,4,4,4
13,7,8826,4,5,3
37,3,4353,1,2,2
11,5,3707,5,4,1
19,3,5368,2,2,2
15,8,10999,4,5,4
11,6,26224,5,4,5
17,7,12513,3,5,4
5,5,11706,5,4,4
21,6,7964,2,4,3
12,6,10661,5,4,4
44,1,3490,1,1,1
22,6,3078,2,4,1
26,2,7550,1,1,3
17,3,11189,3,2,4
13,3,4311,4,2,2
11,5,7248,5,4,3
18,5,4973,3,4,2
23,4,7518,2,3,3
0,3,3037,5,2,1
19,5,6991,2,4,3
21,4,5133,2,3,2
13,6,7826,4,4,3
15,4,11738,4,3,4
20,5,9964,2,4,4
22,3,4560,2,2,2
7,2,9427,5,1,3
18,3,1955,3,2,1
22,5,13197,2,4,4
17,5,18262,3,4,5
16,2,1726,3,1,1
22,8,21625,2,5,5
33,1,672,1,1,1
20,7,14952,2,5,5
10,3,4658,5,2,2
15,8,20076,4,5,5
37,4,7313,1,3,3
21,2,11331,2,1,4
19,3,8869,2,2,3
22,4,10171,2,3,4
15,3,5295,4,2,2
31,2,12564,1,1,4
21,3,8086,2,2,3
12,6,10404,5,4,4
18,7,12774,3,5,4
15,2,5976,4,1,2
21,1,4684,2,1,2
14,5,2055,4,4,1
11,5,18624,5,4,5
20,5,12887,2,4,4
13,4,5351,4,3,2
1,7,9321,5,5,3
0,5,10371,5,4,4
13,6,9970,4,4,4
13,4,8697,4,3,3
16,6,12993,3,4,4
18,5,14212,3,4,5
23,3,6196,2,2,2
20,5,10927,2,4,4
14,5,5591,4,4,2
10,5,10296,5,4,4
21,3,13278,2,2,4
36,3,6762,1,2,3
19,3,6402,2,2,2
41,1,6381,1,1,2
14,1,1540,4,1,1
25,1,3856,2,1,2
24,6,16902,2,4,5
18,7,12904,3,5,4
12,3,12059,5,2,4
19,2,6487,2,1,2
11,4,10305,5,3,4
17,3,2382,3,2,1
22,1,4389,2,1,2
17,4,10090,3,3,4
45,3,1184,1,2,1
15,4,7274,4,3,3
17,8,7962,3,5,3
26,5,3566,1,4,1
16,4,12132,3,3,4
11,3,6358,5,2,2
11,5,4372,5,4,2
11,3,7372,5,2,3
18,4,5016,3,3,2
26,3,10951,1,2,4
24,2,10312,2,1,4
9,5,5780,5,4,2
15,5,8982,4,4,3
15,8,18905,4,5,5
11,6,13927,5,4,5
29,1,878,1,1,1
10,5,6707,5,4,3
14,4,10174,4,3,4
1,6,4850,5,4,2
11,7,19727,5,5,5
22,7,10312,2,5,4
26,3,10506,1,2,4
42,2,5990,1,1,2
7,6,13903,5,4,5
14,4,2035,4,3,1
10,8,9856,5,5,4
13,6,6057,4,4,2
16,7,23217,3,5,5
18,4,11549,3,3,4
12,5,6698,5,4,3
23,5,11116,2,4,4
15,2,5279,4,1,2
17,3,15076,3,2,5
10,5,14208,5,4,5
19,6,8904,2,4,3
39,1,5936,1,1,2
11,4,6304,5,3,2
20,2,4360,2,1,2
14,5,9411,4,4,3
39,2,6664,1,1,3
24,2,5801,2,1,2
35,3,6975,1,2,3
25,4,4814,2,3,2
30,3,6221,1,2,2
31,4,4814,1,3,2
15,3,3748,4,2,1
18,5,12245,3,4,4
12,7,6301,5,5,2
19,3,4769,2,2,2
21,6,16083,2,4,5
24,3,4625,2,2,2
41,1,2965,1,1,1
32,4,5257,1,3,2
11,4,15670,5,3,5
13,5,14957,4,4,5
10,7,16946,5,5,5
20,3,8729,2,2,3
11,5,20612,5,4,5
12,4,8121,5,3,3
27,4,8284,1,3,3
14,4,7828,4,3,3
21,6,10078,2,4,4
12,9,8535,5,5,3
37,2,4302,1,1,2
12,3,2128,5,2,1
10,4,9171,5,3,3
10,8,14068,5,5,5
14,1,1542,4,1,1
35,1,2628,1,1,1
13,9,6712,4,5,3
13,3,10601,4,2,4
9,5,1042,5,4,1
0,6,23683,5,4,5
11,8,16877,5,5,5
20,2,7992,2,1,3
12,6,12142,5,4,4
2,5,15509,5,4,5
15,2,5692,4,1,2
14,4,7552,4,3,3
15,6,15684,4,4,5
21,2,4120,2,1,2
14,2,5901,4,1,2
18,5,11954,3,4,4
15,6,18209,4,4,5
22,2,5485,2,1,2
29,1,2342,1,1,1
13,5,11399,4,4,4
30,4,4815,1,3,2
5,8,10093,5,5,4
16,3,15765,3,2,5
17,5,7413,3,4,3
20,1,3547,2,1,1
45,1,607,1,1,1
15,6,16921,4,4,5
13,5,8199,4,4,3
13,5,8195,4,4,3
15,8,13301,4,5,4
13,4,9657,4,3,4
13,3,5921,4,2,2
9,6,13735,5,4,5
17,7,11191,3,5,4
11,4,8400,5,3,3
11,3,14415,5,2,5
11,5,20018,5,4,5
13,2,4831,4,1,2
41,2,4015,1,1,2
40,2,8058,1,1,3
17,3,6949,3,2,3
29,1,5900,1,1,2
13,3,2090,4,2,1
19,1,1701,2,1,1
25,2,2479,2,1,1
29,3,3448,1,2,1
45,1,1792,1,1,1
35,3,7227,1,2,3
11,6,6768,5,4,3
19,3,5660,2,2,2
28,3,3770,1,2,1
20,2,8824,2,1,3
17,5,22680,3,4,5
17,6,8740,3,4,3
12,7,19920,5,5,5
25,6,8383,2,4,3
21,3,937,2,2,1
12,4,10162,5,3,4
17,5,755,3,4,1
24,1,4972,2,1,2
11,4,7089,5,3,3
18,2,2332,3,1,1
30,2,3382,1,1,1
26,1,3470,1,1,1
36,1,98,1,1,1
21,6,8954,2,4,3
25,3,10277,2,2,4
19,4,25870,2,3,5
23,2,3737,2,1,1
16,1,241,3,1,1
12,6,10497,5,4,4
20,6,13047,2,4,4
13,5,12124,4,4,4
10,5,2935,5,4,1
11,4,3874,5,3,2
15,2,7476,4,1,3
16,9,8223,3,5,3
10,6,10325,5,4,4
7,1,2470,5,1,1
38,1,890,1,1,1
14,5,8003,4,4,3
12,9,30493,5,5,5
24,3,3963,2,2,2
8,7,15649,5,5,5
16,4,10496,3,3,4
42,1,433,1,1,1
10,6,15508,5,4,5
17,5,6982,3,4,3
14,4,11742,4,3,4
18,8,11975,3,5,4
21,4,5476,2,3,2
17,3,8989,3,2,3
20,7,5843,2,5,2
29,2,3813,1,1,1
19,4,5590,2,3,2
14,3,3755,4,2,1
24,5,10834,2,4,4
30,3,8267,1,2,3
14,2,3972,4,1,2
29,2,4782,1,1,2
21,5,13664,2,4,4
22,3,2575,2,2,1
23,5,16113,2,4,5
18,3,7770,3,2,3
10,4,7142,5,3,3
24,7,15978,2,5,5
14,1,938,4,1,1
16,5,18688,3,4,5
18,7,8109,3,5,3
13,9,19211,4,5,5
13,1,2668,4,1,1
25,5,16401,2,4,5
34,3,9306,1,2,3
13,4,12758,4,3,4
24,1,234,2,1,1
18,2,6416,3,1,2
15,5,8080,4,4,3
14,4,8373,4,3,3
13,5,16000,4,4,5
19,6,12879,2,4,4
10,1,2201,5,1,1
26,6,11251,1,4,4
19,3,17746,2,2,5
11,10,21086,5,5,5
11,5,15692,5,4,5
14,3,12553,4,2,4
14,2,9525,4,1,3
5,4,9803,5,3,4
14,6,4831,4,4,2
22,5,12581,2,4,4
13,3,5621,4,2,2
9,9,21209,5,5,5
15,8,15804,4,5,5
39,1,1674,1,1,1
11,5,8929,5,4,3
15,6,18123,4,4,5
14,9,17896,4,5,5
35,3,7212,1,2,3
10,7,6443,5,5,2
5,7,10368,5,5,4
24,3,4028,2,2,2
14,4,6169,4,3,2
11,9,17566,5,5,5
34,3,9888,1,2,4
27,3,9936,1,2,4
15,3,5320,4,2,2
18,5,18210,3,4,5
17,2,5165,3,1,2
10,3,5298,5,2,2
12,2,5052,5,1,2
26,6,10040,1,4,4
13,4,8824,4,3,3
14,7,9957,4,5,4
12,4,6988,5,3,3
15,2,3938,4,1,2
17,4,15620,3,3,5
16,3,6494,3,2,2
18,2,3049,3,1,1
14,7,14277,4,5,5
39,1,6400,1,1,2
21,4,15412,2,3,5
23,5,15316,2,4,5
12,6,2938,5,4,1
40,3,1286,1,2,1
17,3,5206,3,2,2
19,4,17734,2,3,5
12,7,5185,5,5,2
23,4,5057,2,3,2
15,4,2860,4,3,1
41,3,13020,1,2,4
11,4,10304,5,3,4
13,6,9653,4,4,4
18,2,2505,3,1,1
40,1,311,1,1,1
12,2,8759,5,1,3
10,1,4773,5,1,2
10,5,1830,5,4,1
17,3,6960,3,2,3
10,3,4061,5,2,2
33,2,5912,1,1,2
33,5,11616,1,4,4
17,3,6605,3,2,2
14,3,4989,4,2,2
0,5,13204,5,4,4
13,4,6354,4,3,2
26,2,1404,1,1,1
11,6,18979,5,4,5
15,4,15696,4,3,5
16,4,13745,3,3,5
15,4,7780,4,3,3
20,3,9878,2,2,4
15,6,9849,4,4,4
7,3,3040,5,2,1
15,5,18009,4,4,5
10,4,7039,5,3,3
37,2,8779,1,1,3
14,5,11720,4,4,4
3,3,1987,5,2,1
20,1,1243,2,1,1
18,5,19919,3,4,5
17,4,3971,3,3,2
21,3,3909,2,2,2
6,2,4496,5,1,2
4,6,6388,5,4,2
17,1,523,3,1,1
13,5,11664,4,4,4
17,3,4513,3,2,2
12,7,7788,5,5,3
41,2,3487,1,1,1
11,7,15995,5,5,5
13,4,13299,4,3,4
22,4,8859,2,3,3
24,3,8988,2,2,3
15,4,6301,4,3,2
24,1,2479,2,1,1
13,4,4178,4,3,2
26,2,4647,1,1,2
13,6,15306,4,4,5
17,3,12331,3,2,4
20,5,15073,2,4,5
18,5,11573,3,4,4
12,4,1903,5,3,1
13,7,8048,4,5,3
5,5,11078,5,4,4
9,1,2974,5,1,1
12,4,10375,5,3,4
2,8,19688,5,5,5
23,2,8278,2,1,3
32,6,17668,1,4,5
24,2,9441,2,1,3
12,5,11538,5,4,4
2,5,9857,5,4,4
13,4,11166,4,3,4
12,6,13465,5,4,4
14,4,7455,4,3,3
25,4,15371,2,3,5
17,6,6702,3,4,3
29,2,5249,1,1,2
10,7,12593,5,5,4
37,7,7768,1,5,3
18,3,9511,3,2,3
5,9,11216,5,5,4
37,3,1480,1,2,1
18,2,6634,3,1,3
39,1,1991,1,1,1
33,5,11154,1,4,4
16,6,6716,3,4,3
11,3,4945,5,2,2
14,6,13093,4,4,4
12,6,26672,5,4,5
10,9,9330,5,5,3
12,8,10993,5,5,4
17,8,14195,3,5,5
18,2,9806,3,1,4
11,6,12255,5,4,4
11,6,12945,5,4,4
21,8,20899,2,5,5
20,4,14163,2,3,5
20,4,14490,2,3,5
30,3,18673,1,2,5
18,1,934,3,1,1
21,1,4253,2,1,2
13,2,2703,4,1,1
28,1,3055,1,1,1
12,7,13707,5,5,4
19,2,7390,2,1,3
15,4,13046,4,3,4
15,8,12655,4,5,4
12,3,3808,5,2,1
25,4,17954,2,3,5
12,7,13367,5,5,4
27,2,9409,1,1,3
24,11,20332,2,5,5
19,2,9234,2,1,3
27,2,5559,1,1,2
29,5,13260,1,4,4
18,6,13776,3,4,5
24,4,18205,2,3,5
16,5,11078,3,4,4
5,8,15476,5,5,5
13,8,19390,4,5,5
20,7,20131,2,5,5
21,3,9003,2,2,3
28,2,7039,1,1,3
14,8,4605,4,5,2
10,6,11792,5,4,4
10,6,12448,5,4,4
26,3,11382,1,2,4
1,9,16639,5,5,5
23,9,8209,2,5,3
25,7,14248,2,5,5
16,4,4456,3,3,2
15,4,7023,4,3,3
24,3,969,2,2,1
31,4,1112,1,3,1
21,4,15240,2,3,5
11,6,17170,5,4,5
14,11,41510,4,5,5
21,2,8389,2,1,3
25,3,5328,2,2,2
19,2,5383,2,1,2
45,1,1633,1,1,1
24,6,9287,2,4,3
14,1,1651,4,1,1
39,4,7215,1,3,3
23,7,12379,2,5,4
27,5,5827,1,4,2
25,2,9714,2,1,4
11,5,11288,5,4,4
27,7,11098,1,5,4
24,1,4680,2,1,2
12,4,15866,5,3,5
24,4,12803,2,3,4
11,6,9000,5,4,3
10,4,10214,5,3,4
12,11,11783,5,5,4
22,5,11718,2,4,4
19,4,11158,2,3,4
14,4,17050,4,3,5
13,7,7074,4,5,3
39,2,4552,1,1,2
2,5,11726,5,4,4
13,8,15269,4,5,5
10,4,14002,5,3,5
14,3,3065,4,2,1
11,2,2022,5,1,1
23,3,9210,2,2,3
27,1,3404,1,1,1
31,1,2782,1,1,1
21,5,3995,2,4,2
18,5,4429,3,4,2
9,4,12824,5,3,4
12,4,3560,5,3,1
20,5,16031,2,4,5
13,6,2711,4,4,1
24,3,11421,2,2,4
34,3,8268,1,2,3
26,4,6537,1,3,2
12,6,15808,5,4,5
29,3,303,1,2,1
29,7,8796,1,5,3
16,4,14051,3,3,5
11,6,15977,5,4,5
16,1,2994,3,1,1
24,6,12939,2,4,4
11,5,12713,5,4,4
21,5,16572,2,4,5
10,1,3177,5,1,1
18,2,1355,3,1,1
17,6,10583,3,4,4
17,4,4039,3,3,2
14,7,15919,4,5,5
12,3,4778,5,2,2
12,5,14227,5,4,5
23,2,3974,2,1,2
14,7,10574,4,5,4
10,5,17234,5,4,5
5,6,14808,5,4,5
36,4,10654,1,3,4
45,1,2226,1,1,1
29,1,779,1,1,1
6,5,7176,5,4,3
24,5,9300,2,4,3
11,5,6095,5,4,2
27,4,22105,1,3,5
14,3,10927,4,2,4
18,2,6189,3,1,2
0,3,11405,5,2,4
17,3,9772,3,2,4
22,3,1856,2,2,1
20,2,2226,2,1,1
16,4,13434,3,3,4
20,3,7518,2,2,3
16,2,2665,3,1,1
37,1,4916,1,1,2
37,2,4194,1,1,2
12,2,7298,5,1,3
26,3,14989,1,2,5
11,9,20932,5,5,5
12,8,16186,5,5,5
26,1,7812,1,1,3
15,4,17481,4,3,5
16,6,14149,3,4,5
20,3,4736,2,2,2
20,3,7331,2,2,3
15,5,14503,4,4,5
25,4,10967,2,3,4
11,9,24852,5,5,5
11,8,11548,5,5,4
15,2,2856,4,1,1
11,3,8714,5,2,3
20,7,25885,2,5,5
12,3,5352,5,2,2
13,4,7722,4,3,3
15,5,9509,4,4,3
16,4,10937,3,3,4
11,6,14221,5,4,5
27,5,6734,1,4,3
12,8,18282,5,5,5
21,4,20137,2,3,5
17,3,5860,3,2,2
11,3,13014,5,2,4
32,4,11245,1,3,4
16,4,10519,3,3,4
15,4,10737,4,3,4
22,6,10975,2,4,4
12,4,5226,5,3,2
21,3,1832,2,2,1
14,7,20867,4,5,5
17,3,438,3,2,1
20,3,12711,2,2,4
45,1,2541,1,1,1
27,4,9480,1,3,3
25,7,14578,2,5,5
17,4,8490,3,3,3
11,4,1791,5,3,1
12,4,15791,5,3,5
25,3,10448,2,2,4
33,4,11427,1,3,4
4,2,5370,5,1,2
23,3,9862,2,2,4
24,4,7268,2,3,3
9,5,6226,5,4,2
17,4,5879,3,3,2
31,4,7731,1,3,3
14,3,7140,4,2,3
13,6,8333,4,4,3
14,2,10610,4,1,4
13,2,5670,4,1,2
22,4,10889,2,3,4
12,3,2048,5,2,1
12,7,13650,5,5,4
15,3,10145,4,2,4
12,4,2225,5,3,1
15,7,20095,4,5,5
27,4,10004,1,3,4
21,3,6484,2,2,2
22,4,15064,2,3,5
17,4,16392,3,3,5
42,2,5984,1,1,2
28,2,6370,1,1,2
11,5,20465,5,4,5
17,7,16887,3,5,5
18,3,1680,3,2,1
10,3,13024,5,2,4
10,6,10927,5,4,4
10,4,8089,5,3,3
43,1,1193,1,1,1
18,5,8894,3,4,3
20,5,7414,2,4,3
2,4,11894,5,3,4
15,7,12226,4,5,4
21,6,24548,2,4,5
12,4,16676,5,3,5
13,6,14694,4,4,5
13,5,12629,4,4,4
22,4,7897,2,3,3
19,1,1476,2,1,1
22,3,6003,2,2,2
18,2,922,3,1,1
13,6,16613,4,4,5
28,3,7173,1,2,3
11,3,2871,5,2,1
19,2,925,2,1,1
11,4,7057,5,3,3
16,2,10002,3,1,4
14,4,8530,4,3,3
12,2,7283,5,1,3
23,4,3449,2,3,1
18,5,10887,3,4,4
13,4,8269,4,3,3
16,5,13702,3,4,4
27,3,2484,1,2,1
13,4,12160,4,3,4
22,3,6058,2,2,2
29,3,7664,1,2,3
12,7,19804,5,5,5
18,6,11530,3,4,4
27,7,11130,1,5,4
40,1,4856,1,1,2
26,2,9381,1,1,3
6,5,7262,5,4,3
19,1,1226,2,1,1
19,3,3487,2,2,1
1,5,3232,5,4,1
38,2,5136,1,1,2
26,6,12111,1,4,4
11,6,22608,5,4,5
4,8,12408,5,5,4
11,7,19306,5,5,5
10,6,24111,5,4,5
45,1,766,1,1,1
15,6,7171,4,4,3
25,2,2569,2,1,1
18,4,5754,3,3,2
17,3,6370,3,2,2
12,3,8880,5,2,3
18,2,2117,3,1,1
24,3,1801,2,2,1
32,1,958,1,1,1
12,3,6972,5,2,3
12,2,5597,5,1,2
13,2,3742,4,1,1
17,4,5101,3,3,2
3,8,12141,5,5,4
14,4,3972,4,3,2
34,2,3050,1,1,1
14,10,12173,4,5,4
3,8,6934,5,5,3
20,1,2712,2,1,1
16,3,16235,3,2,5
35,4,7497,1,3,3
14,4,13253,4,3,4
35,1,1560,1,1,1
13,9,14410,4,5,5
21,6,8928,2,4,3
13,4,6180,4,3,2
16,5,13011,3,4,4
33,1,3593,1,1,1
15,6,15630,4,4,5
21,5,9125,2,4,3
25,6,9711,2,4,4
31,4,8621,1,3,3
14,6,12273,4,4,4
13,4,11969,4,3,4
4,3,6826,5,2,3
12,3,10351,5,2,4
14,9,16370,4,5,5
16,5,10736,3,4,4
9,3,7385,5,2,3
32,2,1667,1,1,1
12,4,9358,5,3,3
13,7,21862,4,5,5
23,3,3715,2,2,1
22,3,2607,2,2,1
17,6,8216,3,4,3
18,3,13127,3,2,4
20,5,15294,2,4,5
4,7,19024,5,5,5
15,4,11417,4,3,4
36,2,5052,1,1,2
15,2,6726,4,1,3
22,1,1398,2,1,1
17,3,9352,3,2,3
16,2,6547,3,1,2
15,7,19861,4,5,5
16,7,16129,3,5,5
2,4,13684,5,3,4
27,5,5005,1,4,2
16,4,9941,3,3,4
12,4,9667,5,3,4
37,4,4389,1,3,2
14,8,4831,4,5,2
14,4,9750,4,3,4
12,6,9340,5,4,3
33,3,7848,1,2,3
14,2,2951,4,1,1
25,1,2350,2,1,1
15,3,12058,4,2,4
13,4,6716,4,3,3
13,7,14639,4,5,5
2,6,24572,5,4,5
15,4,9083,4,3,3
42,3,7831,1,2,3
27,1,4942,1,1,2
36,4,4942,1,3,2
12,6,6951,5,4,3
16,2,2106,3,1,1
16,2,7730,3,1,3
27,5,5662,1,4,2
14,4,15580,4,3,5
0,3,5668,5,2,2
31,1,912,1,1,1
17,1,890,3,1,1
11,12,15243,5,5,5
42,1,1362,1,1,1
26,2,6106,1,1,2
23,3,4301,2,2,2
8,5,4867,5,4,2
26,4,7409,1,3,3
17,3,5707,3,2,2
15,5,9756,4,4,4
25,3,11756,2,2,4
31,3,10822,1,2,4
21,5,6010,2,4,2
30,4,9288,1,3,3
12,6,10858,5,4,4
11,2,2168,5,1,1
11,4,7747,5,3,3
12,4,12465,5,3,4
12,5,17687,5,4,5
7,8,10595,5,5,4
19,5,12160,2,4,4
14,2,5805,4,1,2
15,6,18745,4,4,5
28,2,3091,1,1,1
22,3,7581,2,2,3
11,5,7278,5,4,3
13,8,11770,4,5,4
11,6,9622,5,4,3
20,2,1354,2,1,1
12,2,9853,5,1,4
12,3,3328,5,2,1
11,7,16286,5,5,5
14,4,6663,4,3,3
28,3,3848,1,2,2
12,7,23585,5,5,5
14,10,13888,4,5,5
17,4,3247,3,3,1
23,6,19901,2,4,5
19,2,4048,2,1,2
20,2,4675,2,1,2
14,4,3972,4,3,2
15,5,14434,4,4,5
33,2,1959,1,1,1
20,3,2240,2,2,1
16,4,8895,3,3,3
16,10,33954,3,5,5
16,4,1571,3,3,1
22,5,17582,2,4,5
10,7,9952,5,5,4
15,8,10809,4,5,4
18,3,7215,3,2,3
16,2,2777,3,1,1
15,5,10519,4,4,4
14,1,872,4,1,1
3,3,8947,5,2,3
13,2,4579,4,1,2
15,5,10211,4,4,4
18,5,11641,3,4,4
12,6,15139,5,4,5
43,2,3419,1,1,1
9,6,21761,5,4,5
19,1,1932,2,1,1
15,3,10091,4,2,4
14,4,5838,4,3,2
24,2,12343,2,1,4
13,6,22186,4,4,5
27,1,1635,1,1,1
15,5,22947,4,4,5
12,6,17786,5,4,5
35,2,2741,1,1,1
10,3,1613,5,2,1
14,1,142,4,1,1
5,3,8931,5,2,3
16,3,11171,3,2,4
11,6,13526,5,4,4
14,2,4928,4,1,2
25,1,3924,2,1,2
21,3,6820,2,2,3
17,8,2568,3,5,1
14,5,12815,4,4,4
12,2,9901,5,1,4
23,5,15252,2,4,5
1,4,14549,5,3,5
15,6,15317,4,4,5
14,7,13606,4,5,4
11,4,8894,5,3,3
16,12,20218,3,5,5
21,10,27216,2,5,5
15,5,11930,4,4,4
17,4,7778,3,3,3
12,6,17921,5,4,5
11,3,235,5,2,1
17,4,23087,3,3,5
15,4,14504,4,3,5
17,3,9089,3,2,3
16,8,10835,3,5,4
13,9,29597,4,5,5
24,2,3274,2,1,1
16,9,9529,3,5,3
15,1,5839,4,1,2
19,4,7088,2,3,3
23,4,5942,2,3,2
14,10,5463,4,5,2
12,4,12008,5,3,4
16,8,14184,3,5,5
13,6,8644,4,4,3
14,6,11692,4,4,4
14,6,10754,4,4,4
24,3,5234,2,2,2
20,3,6330,2,2,2
17,4,5102,3,3,2
34,2,7354,1,1,3
11,7,5078,5,5,2
26,3,7333,1,2,3
24,1,3191,2,1,1
24,2,5109,2,1,2
11,1,2240,5,1,1
11,4,13787,5,3,5
7,3,4276,5,2,2
17,2,3929,3,1,2
13,3,3079,4,2,1
32,3,8441,1,2,3
28,1,3624,1,1,1
14,10,8356,4,5,3
23,3,6331,2,2,2
15,11,16333,4,5,5
15,4,11131,4,3,4
13,6,5170,4,4,2
19,8,15955,2,5,5
11,8,27609,5,5,5
36,2,6767,1,1,3
10,2,8112,5,1,3
14,4,8748,4,3,3
27,4,13125,1,3,4
14,3,12993,4,2,4
29,1,570,1,1,1
17,4,8365,3,3,3
15,7,4176,4,5,2
17,4,5476,3,3,2
12,6,10051,5,4,4
25,5,10704,2,4,4
12,6,15614,5,4,5
11,7,21366,5,5,5
16,2,2248,3,1,1
17,5,8927,3,4,3
35,1,703,1,1,1
16,3,2558,3,2,1
11,7,16531,5,5,5
31,2,1043,1,1,1
31,5,15872,1,4,5
12,5,12758,5,4,4
12,4,11156,5,3,4
2,6,7726,5,4,3
3,10,14884,5,5,5
31,3,6245,1,2,2
15,10,28142,4,5,5
15,5,14310,4,4,5
25,4,5100,2,3,2
23,3,12065,2,2,4
22,6,21179,2,4,5
15,11,22113,4,5,5
12,7,21951,5,5,5
10,6,8007,5,4,3
23,3,5969,2,2,2
12,9,10935,5,5,4
19,3,14790,2,2,5
11,2,2623,5,1,1
19,4,1567,2,3,1
18,5,6895,3,4,3
43,1,207,1,1,1
12,7,19470,5,5,5
27,3,7814,1,2,3
16,3,5828,3,2,2
19,4,9123,2,3,3
21,3,8772,2,2,3
16,8,19733,3,5,5
13,5,24461,4,4,5
11,4,2475,5,3,1
26,3,11456,1,2,4
22,2,1764,2,1,1
13,5,8344,4,4,3
11,6,15947,5,4,5
23,6,9310,2,4,3
12,8,16224,5,5,5
1,3,6122,5,2,2
24,2,7900,2,1,3
16,4,8132,3,3,3
21,3,4121,2,2,2
12,3,7554,5,2,3
26,7,13487,1,5,4
20,2,4604,2,1,2
15,2,7907,4,1,3
11,1,7458,5,1,3
33,1,1825,1,1,1
13,6,14640,4,4,5
24,3,3150,2,2,1
12,5,8977,5,4,3
13,3,6676,4,2,3
36,5,97,1,4,1
17,8,4484,3,5,2
15,3,14360,4,2,5
24,4,12882,2,3,4
16,2,4910,3,1,2
19,5,13330,2,4,4
24,2,10070,2,1,4
34,2,4738,1,1,2
9,3,4853,5,2,2
17,3,1647,3,2,1
11,5,14298,5,4,5
29,6,17139,1,4,5
17,4,12509,3,3,4
15,1,2249,4,1,1
35,1,3381,1,1,1
11,5,12377,5,4,4
25,2,6856,2,1,3
24,4,9890,2,3,4
16,1,4541,3,1,2
14,7,3995,4,5,2
15,6,8975,4,4,3
13,3,4751,4,2,2
17,3,3828,3,2,2
13,6,15113,4,4,5
44,2,2026,1,1,1
28,4,5620,1,3,2
27,5,7509,1,4,3
13,5,6094,4,4,2
22,4,5782,2,3,2
22,6,30482,2,4,5
22,6,2661,2,4,1
23,7,14977,2,5,5
13,6,17988,4,4,5
21,5,16937,2,4,5
12,4,5471,5,3,2
18,6,9430,3,4,3
18,7,24115,3,5,5
16,8,22954,3,5,5
34,5,10731,1,4,4
46,1,791,1,1,1
14,3,13210,4,2,4
19,8,8572,2,5,3
17,3,8813,3,2,3
24,5,6546,2,4,2
11,2,5260,5,1,2
11,4,11658,5,3,4
13,3,5496,4,2,2
18,3,5281,3,2,2
0,4,3540,5,3,1
20,7,5028,2,5,2
17,4,10624,3,3,4
14,5,9016,4,4,3
15,6,13949,4,4,5
31,3,9088,1,2,3
13,3,9873,4,2,4
12,6,8743,5,4,3
7,6,13148,5,4,4
34,3,12579,1,2,4
11,5,13516,5,4,4
17,5,7416,3,4,3
13,4,6519,4,3,2
12,5,5330,5,4,2
25,4,7527,2,3,3
19,2,3608,2,1,1
23,3,5038,2,2,2
12,4,7116,5,3,3
29,2,3654,1,1,1
12,5,14881,5,4,5
23,5,15550,2,4,5
18,2,8781,3,1,3
18,4,8205,3,3,3
19,5,15340,2,4,5
16,2,4511,3,1,2
33,1,371,1,1,1
20,4,7754,2,3,3
24,3,2576,2,2,1
19,5,13688,2,4,4
14,2,2427,4,1,1
2,3,12303,5,2,4
13,6,17763,4,4,5
15,6,20625,4,4,5
47,1,1994,1,1,1
27,1,2344,1,1,1
15,8,13143,4,5,4
3,2,5475,5,1,2
23,3,10645,2,2,4
16,3,1571,3,2,1
36,1,1093,1,1,1
12,4,11778,5,3,4
23,2,5927,2,1,2
25,9,7504,2,5,3
12,6,6165,5,4,2
39,3,4482,1,2,2
13,3,4126,4,2,2
15,7,10968,4,5,4
29,3,9504,1,2,3
34,3,4144,1,2,2
21,4,8375,2,3,3
13,2,4713,4,1,2
14,3,8620,4,2,3
24,3,12594,2,2,4
42,2,3968,1,1,2
14,4,5131,4,3,2
17,6,14558,3,4,5
13,5,5973,4,4,2
13,11,29264,4,5,5
12,7,15768,5,5,5
8,4,10696,5,3,4
19,2,2234,2,1,1
33,1,5657,1,1,2
21,4,6351,2,3,2
24,7,16190,2,5,5
11,7,13864,5,5,5
12,3,2165,5,2,1
43,1,4969,1,1,2
15,7,7862,4,5,3
12,6,8479,5,4,3
23,3,4204,2,2,2
20,3,4666,2,2,2
14,4,7092,4,3,3
20,4,12408,2,3,4
27,4,14744,1,3,5
17,7,9068,3,5,3
21,3,7199,2,2,3
13,8,19865,4,5,5
10,4,15052,5,3,5
35,1,3189,1,1,1
4,2,6653,5,1,3
25,4,16263,2,3,5
10,1,1047,5,1,1
21,3,948,2,2,1
25,2,7305,2,1,3
6,7,13763,5,5,5
8,3,3655,5,2,1
23,7,10193,2,5,4
12,5,15657,5,4,5
17,9,31336,3,5,5
18,4,6515,3,3,2
18,2,6930,3,1,3
14,9,14003,4,5,5
29,3,3177,1,2,1
32,2,3663,1,1,1
14,2,4839,4,1,2
13,6,14243,4,4,5
30,2,2539,1,1,1
13,6,15611,4,4,5
25,3,7627,2,2,3
15,7,20024,4,5,5
0,4,4837,5,3,2
6,8,25431,5,5,5
22,6,9830,2,4,4
13,3,15213,4,2,5
12,3,8565,5,2,3
12,7,20418,5,5,5
12,7,3261,5,5,1
29,3,15160,1,2,5
15,4,14990,4,3,5
18,2,2728,3,1,1
26,6,21546,1,4,5
27,3,8248,1,2,3
14,4,10730,4,3,4
17,3,7298,3,2,3
11,6,13164,5,4,4
26,1,4601,1,1,2
15,5,12519,4,4,4
13,4,10728,4,3,4
19,3,5460,2,2,2
15,5,3490,4,4,1
34,2,4234,1,1,2
12,7,13169,5,5,4
12,5,14937,5,4,5
22,1,2874,2,1,1
33,5,8744,1,4,3
7,2,3719,5,1,1
15,2,8129,4,1,3
15,3,6602,4,2,2
14,7,10620,4,5,4
14,5,12030,4,4,4
27,3,5560,1,2,2
18,1,1518,3,1,1
12,1,1989,5,1,1
15,3,2685,4,2,1
12,7,1861,5,5,1
37,1,5541,1,1,2
3,6,15057,5,4,5
24,5,7399,2,4,3
5,6,15241,5,4,5
40,3,4078,1,2,2
19,4,8784,2,3,3
16,7,16231,3,5,5
18,2,12476,3,1,4
28,6,15121,1,4,5
13,7,5880,4,5,2
22,5,12473,2,4,4
14,3,6517,4,2,2
6,6,19446,5,4,5
18,3,5299,3,2,2
18,7,2132,3,5,1
17,1,722,3,1,1
4,3,6674,5,2,3
24,8,21788,2,5,5
26,5,19840,1,4,5
19,1,709,2,1,1
1,6,7767,5,4,3
22,7,7285,2,5,3
26,1,4326,1,1,2
13,8,14992,4,5,5
22,6,8424,2,4,3
14,5,11840,4,4,4
36,1,1717,1,1,1
11,6,6997,5,4,3
26,2,2834,1,1,1
20,3,8998,2,2,3
27,7,8329,1,5,3
17,3,15421,3,2,5
12,4,14931,5,3,5
24,2,4096,2,1,2
11,6,11276,5,4,4
23,4,1891,2,3,1
16,7,8790,3,5,3
5,5,19839,5,4,5
13,4,15630,4,3,5
12,3,10658,5,2,4
15,7,14019,4,5,5
14,6,12705,4,4,4
15,5,1910,4,4,1
13,8,18560,4,5,5
11,5,17229,5,4,5
15,5,9861,4,4,4
24,5,13326,2,4,4
20,5,14188,2,4,5
14,6,11931,4,4,4
40,4,2126,1,3,1
11,5,4260,5,4,2
12,3,198,5,2,1
15,4,14732,4,3,5
22,2,3145,2,1,1
19,5,9879,2,4,4
39,3,1989,1,2,1
14,3,11846,4,2,4
32,3,2770,1,2,1
17,4,10363,3,3,4
23,1,4075,2,1,2
11,8,3341,5,5,1
15,8,18787,4,5,5
8,2,6487,5,1,2
26,6,6572,1,4,2
19,3,7206,2,2,3
19,3,9676,2,2,4
14,5,10255,4,4,4
5,5,12237,5,4,4
38,1,2469,1,1,1
13,6,10073,4,4,4
15,2,7178,4,1,3
24,4,7902,2,3,3
11,4,11792,5,3,4
33,6,14439,1,4,5
11,6,16151,5,4,5
34,4,7994,1,3,3
9,3,8732,5,2,3
11,6,17089,5,4,5
25,3,6601,2,2,2
17,4,6768,3,3,3
11,2,4124,5,1,2
16,8,3794,3,5,1
26,2,4277,1,1,2
28,4,12539,1,3,4
12,12,13802,5,5,5
11,2,1721,5,1,1
12,3,11152,5,2,4
14,5,6402,4,4,2
19,3,1718,2,2,1
9,3,3010,5,2,1
7,6,10867,5,4,4
23,4,10360,2,3,4
11,5,14251,5,4,5
13,3,7752,4,2,3
18,2,6957,3,1,3
12,5,9672,5,4,4
12,3,1268,5,2,1
22,5,12205,2,4,4
28,3,2371,1,2,1
20,4,7676,2,3,3
44,1,692,1,1,1
28,3,5821,1,2,2
21,6,20076,2,4,5
14,8,19091,4,5,5
11,5,6517,5,4,2
20,5,3880,2,4,2
15,7,5008,4,5,2
19,7,4467,2,5,2
21,7,19086,2,5,5
9,9,11143,5,5,4
12,4,3980,5,3,2
16,4,2561,3,3,1
32,2,3937,1,1,2
12,5,7525,5,4,3
10,2,2322,5,1,1
28,3,640,1,2,1
14,3,11208,4,2,4
10,5,11951,5,4,4
15,3,10864,4,2,4
11,6,12372,5,4,4
29,2,6057,1,1,2
9,7,13290,5,5,4
5,4,13888,5,3,5
21,2,3383,2,1,1
17,3,4461,3,2,2
33,1,934,1,1,1
13,3,10203,4,2,4
23,5,10480,2,4,4
18,2,7447,3,1,3
11,8,14494,5,5,5
11,7,17988,5,5,5
7,4,4813,5,3,2
13,3,7098,4,2,3
21,2,2138,2,1,1
15,5,4022,4,4,2
16,5,15684,3,4,5
21,2,1298,2,1,1
12,7,3622,5,5,1
43,2,5443,1,1,2
34,2,1430,1,1,1
24,4,6539,2,3,2
18,7,11350,3,5,4
25,5,7826,2,4,3
32,4,4070,1,3,2
16,4,17435,3,3,5
40,1,3257,1,1,1
12,7,13326,5,5,4
17,5,18293,3,4,5
15,6,5006,4,4,2
13,3,8378,4,2,3
11,7,10423,5,5,4
16,3,2191,3,2,1
19,5,2401,2,4,1
12,5,7247,5,4,3
16,3,6353,3,2,2
20,7,17541,2,5,5
18,2,5971,3,1,2
11,5,8884,5,4,3
16,2,1719,3,1,1
34,3,808,1,2,1
4,9,35861,5,5,5
19,4,4550,2,3,2
12,5,14989,5,4,5
16,2,5265,3,1,2
14,5,15736,4,4,5
12,4,5448,5,3,2
19,4,7809,2,3,3
30,2,8601,1,1,3
13,6,4043,4,4,2
4,4,17190,5,3,5
15,4,5732,4,3,2
12,6,4910,5,4,2
12,9,13215,5,5,4
15,5,5434,4,4,2
11,6,21705,5,4,5
17,3,9954,3,2,4
23,1,7094,2,1,3
19,3,10433,2,2,4
13,5,11179,4,4,4
20,4,13773,2,3,5
32,4,8648,1,3,3
10,4,1289,5,3,1
15,4,17415,4,3,5
20,2,6687,2,1,3
15,7,13482,4,5,4
39,1,1453,1,1,1
16,3,5466,3,2,2
9,5,9111,5,4,3
20,3,6427,2,2,2
15,3,7630,4,2,3
35,2,8227,1,1,3
19,6,4499,2,4,2
24,2,3045,2,1,1
20,4,5186,2,3,2
30,3,6101,1,2,2
13,5,18340,4,4,5
27,3,3321,1,2,1
32,4,7951,1,3,3
14,8,17251,4,5,5
22,2,6025,2,1,2
26,2,3491,1,1,1
20,3,224,2,2,1
23,2,2645,2,1,1
13,5,1942,4,4,1
18,7,12625,3,5,4
14,7,9212,4,5,3
16,4,7239,3,3,3
18,3,4084,3,2,2
24,4,6816,2,3,3
13,7,12002,4,5,4
12,2,2380,5,1,1
18,3,4034,3,2,2
4,6,9694,5,4,4
6,4,16940,5,3,5
20,4,1941,2,3,1
13,2,6659,4,1,3
25,1,7541,2,1,3
20,4,3377,2,3,1
21,7,12155,2,5,4
21,2,3432,2,1,1
14,8,12698,4,5,4
11,4,4089,5,3,2
15,7,11188,4,5,4
17,6,15883,3,4,5
1,7,16289,5,5,5
17,3,4615,3,2,2
5,4,12484,5,3,4
31,2,2612,1,1,1
41,2,5958,1,1,2
17,6,9528,3,4,3
21,1,4491,2,1,2
26,5,15097,1,4,5
28,3,10219,1,2,4
17,6,18550,3,4,5
10,8,17047,5,5,5
11,6,17622,5,4,5
12,3,5039,5,2,2
19,2,2435,2,1,1
28,3,3817,1,2,2
21,4,13089,2,3,4
12,8,12777,5,5,4
32,4,1947,1,3,1
27,1,226,1,1,1
21,1,2519,2,1,1
17,4,14103,3,3,5
45,1,1040,1,1,1
15,3,1412,4,2,1
4,4,15376,5,3,5
20,2,2789,2,1,1
13,7,3889,4,5,2
11,5,9312,5,4,3
24,5,5295,2,4,2
38,1,3049,1,1,1
16,6,9655,3,4,4
12,5,4464,5,4,2
24,2,1173,2,1,1
46,1,892,1,1,1
17,3,16576,3,2,5
30,5,5543,1,4,2
14,3,5375,4,2,2
14,9,11094,4,5,4
13,2,4360,4,1,2
11,2,1762,5,1,1
13,3,9841,4,2,4
14,2,6112,4,1,2
1,6,17151,5,4,5
30,2,11682,1,1,4
13,6,19206,4,4,5
27,2,6678,1,1,3
10,4,7856,5,3,3
16,9,7948,3,5,3
12,4,11416,5,3,4
18,4,15552,3,3,5
13,4,7220,4,3,3
11,2,10041,5,1,4
11,6,2976,5,4,1
24,3,8044,2,2,3
17,4,16020,3,3,5
22,2,1405,2,1,1
35,3,486,1,2,1
26,5,9466,1,4,3
13,3,7414,4,2,3
15,6,20383,4,4,5
0,3,6341,5,2,2
7,6,9662,5,4,4
22,2,1918,2,1,1
14,4,3413,4,3,1
22,3,3506,2,2,1
16,6,8228,3,4,3
11,4,14255,5,3,5
27,1,3885,1,1,2
25,5,6543,2,4,2
17,5,12328,3,4,4
13,2,4797,4,1,2
35,1,1346,1,1,1
15,6,13055,4,4,4
24,5,4497,2,4,2
24,1,3916,2,1,2
22,5,7669,2,4,3
14,4,6890,4,3,3
10,3,7117,5,2,3
24,2,4821,2,1,2
16,5,20349,3,4,5
4,2,2374,5,1,1
5,3,9885,5,2,4
9,8,6008,5,5,2
24,2,5215,2,1,2
14,4,9685,4,3,4
3,5,8817,5,4,3
10,5,10580,5,4,4
14,3,3794,4,2,1
29,2,2138,1,1,1
6,4,11633,5,3,4
14,6,12779,4,4,4
29,1,580,1,1,1
13,3,5513,4,2,2
5,6,18106,5,4,5
4,7,19725,5,5,5
28,2,2711,1,1,1
25,2,3194,2,1,1
22,3,7262,2,2,3
15,6,24424,4,4,5
39,2,10632,1,1,4
14,4,7500,4,3,3
17,5,21004,3,4,5
20,6,15556,2,4,5
23,8,14696,2,5,5
14,1,6027,4,1,2
21,4,7817,2,3,3
11,4,3807,5,3,1
17,2,4035,3,1,2
28,6,16925,1,4,5
17,4,4833,3,3,2
15,8,10340,4,5,4
11,5,15666,5,4,5
16,4,27674,3,3,5
12,4,4713,5,3,2
15,4,16419,4,3,5
12,5,14979,5,4,5
19,6,4549,2,4,2
12,3,5519,5,2,2
25,3,5281,2,2,2
16,6,10216,3,4,4
17,8,17067,3,5,5
29,5,3003,1,4,1
38,1,1935,1,1,1
16,6,24442,3,4,5
17,3,2201,3,2,1
18,7,16356,3,5,5
11,6,16383,5,4,5
13,8,10708,4,5,4
11,6,7732,5,4,3
15,3,9441,4,2,3
13,1,1425,4,1,1
13,8,12187,4,5,4
34,1,2945,1,1,1
22,4,14686,2,3,5
37,1,545,1,1,1
34,3,6376,1,2,2
41,1,1476,1,1,1
17,2,2934,3,1,1
29,1,1534,1,1,1
12,2,9701,5,1,4
21,5,12704,2,4,4
14,4,18357,4,3,5
2,2,3258,5,1,1
16,4,5569,3,3,2
18,3,1281,3,2,1
12,3,5614,5,2,2
33,3,17319,1,2,5
28,1,2735,1,1,1
12,4,13822,5,3,5
38,3,5848,1,2,2
15,5,15944,4,4,5
33,2,3886,1,1,2
24,4,6326,2,3,2
11,8,6148,5,5,2
18,3,4593,3,2,2
10,4,9921,5,3,4
19,5,16684,2,4,5
20,7,12124,2,5,4
12,11,28651,5,5,5
21,5,4303,2,4,2
15,4,7890,4,3,3
28,1,544,1,1,1
7,5,10906,5,4,4
13,4,6038,4,3,2
39,1,1509,1,1,1
12,4,4789,5,3,2
22,7,11654,2,5,4
21,4,10025,2,3,4
23,2,8550,2,1,3
15,4,17741,4,3,5
24,3,8254,2,2,3
31,4,8296,1,3,3
38,1,804,1,1,1
13,6,12210,4,4,4
0,2,5088,5,1,2
15,8,17784,4,5,5
40,2,7212,1,1,3
19,4,4891,2,3,2
10,6,11446,5,4,4
15,6,1614,4,4,1
11,4,3267,5,3,1
14,6,5154,4,4,2
11,3,4559,5,2,2
15,11,17439,4,5,5
28,3,10145,1,2,4
35,1,2309,1,1,1
15,3,2983,4,2,1
14,1,729,4,1,1
43,2,2963,1,1,1
15,4,16693,4,3,5
21,5,5844,2,4,2
25,4,10432,2,3,4
11,3,5027,5,2,2
32,7,16715,1,5,5
19,1,2748,2,1,1
17,2,6374,3,1,2
17,3,7515,3,2,3
27,3,1446,1,2,1
11,9,10177,5,5,4
26,1,5718,1,1,2
21,1,2550,2,1,1
13,3,2468,4,2,1
12,4,2549,5,3,1
19,8,18120,2,5,5
35,3,9240,1,2,3
16,2,7561,3,1,3
3,6,19393,5,4,5
33,2,9651,1,1,4
17,4,9500,3,3,3
25,2,2109,2,1,1
14,5,17720,4,4,5
0,5,15197,5,4,5
12,4,17949,5,3,5
14,6,10032,4,4,4
18,6,9038,3,4,3
23,6,16928,2,4,5
39,2,4132,1,1,2
14,9,21520,4,5,5
29,3,6102,1,2,2
9,6,19381,5,4,5
14,3,5976,4,2,2
5,4,3801,5,3,1
27,3,3740,1,2,1
13,6,12349,4,4,4
12,8,18186,5,5,5
21,4,11632,2,3,4
17,2,1111,3,1,1
13,7,5934,4,5,2
23,4,12132,2,3,4
18,2,2230,3,1,1
16,8,17083,3,5,5
12,5,8484,5,4,3
23,4,5162,2,3,2
11,1,602,5,1,1
13,2,8056,4,1,3
18,6,20048,3,4,5
20,4,8415,2,3,3
4,5,19193,5,4,5
13,8,14559,4,5,5
16,9,12774,3,5,4
16,3,5520,3,2,2
12,2,13604,5,1,4
20,5,11019,2,4,4
15,4,2855,4,3,1
38,2,2933,1,1,1
20,3,14692,2,2,5
30,1,8016,1,1,3
2,7,14895,5,5,5
18,3,4617,3,2,2
20,5,4282,2,4,2
31,4,3826,1,3,2
12,5,10028,5,4,4
2,7,8417,5,5,3
11,3,4781,5,2,2
17,6,15169,3,4,5
18,2,1021,3,1,1
22,1,4822,2,1,2
27,6,7783,1,4,3
41,1,313,1,1,1
19,4,7891,2,3,3
19,4,6755,2,3,3
18,2,6790,3,1,3
26,1,4607,1,1,2
13,3,7514,4,2,3
14,5,9455,4,4,3
2,4,4166,5,3,2
12,9,20538,5,5,5
26,3,7415,1,2,3
33,3,3548,1,2,1
6,2,4052,5,1,2
12,5,6045,5,4,2
16,2,9163,3,1,3
19,3,8899,2,2,3
11,3,7381,5,2,3
4,4,11726,5,3,4
15,5,18554,4,4,5
17,8,22358,3,5,5
21,3,374,2,2,1
17,4,10149,3,3,4
20,2,6395,2,1,2
0,3,6762,5,2,3
15,2,1355,4,1,1
16,2,1485,3,1,1
16,3,5575,3,2,2
12,5,11973,5,4,4
29,2,6711,1,1,3
20,2,3846,2,1,2
31,5,8549,1,4,3
14,5,8897,4,4,3
30,2,2954,1,1,1
13,7,13613,4,5,4
15,5,20502,4,4,5
11,8,16431,5,5,5
15,3,5821,4,2,2
44,1,2302,1,1,1
7,4,13949,5,3,5
13,4,17478,4,3,5
21,3,4891,2,2,2
1,5,11027,5,4,4
22,3,1975,2,2,1
17,9,4055,3,5,2
11,7,3697,5,5,1
21,2,8901,2,1,3
12,4,2693,5,3,1
13,11,26513,4,5,5
12,6,16177,5,4,5
18,5,7952,3,4,3
31,4,15847,1,3,5
21,5,14780,2,4,5
11,6,18580,5,4,5
14,2,6544,4,1,2
13,7,17019,4,5,5
20,3,8235,2,2,3
34,1,3679,1,1,1
47,1,6528,1,1,2
15,5,13090,4,4,4
15,4,17864,4,3,5
12,8,9052,5,5,3
23,3,4130,2,2,2
27,3,5115,1,2,2
11,3,12164,5,2,4
15,2,9877,4,1,4
19,4,13469,2,3,4
10,6,15307,5,4,5
13,4,7898,4,3,3
18,3,10209,3,2,4
13,9,21550,4,5,5
17,2,4764,3,1,2
22,4,16434,2,3,5
12,8,9381,5,5,3
14,2,3407,4,1,1
1,6,4215,5,4,2
21,2,3805,2,1,1
38,3,4326,1,2,2
36,2,5646,1,1,2
25,4,12195,2,3,4
24,5,8696,2,4,3
41,1,1365,1,1,1
21,4,10587,2,3,4
15,5,2234,4,4,1
17,3,5277,3,2,2
10,6,15397,5,4,5
24,7,18880,2,5,5
14,6,8699,4,4,3
13,4,11957,4,3,4
38,5,8342,1,4,3
37,2,4557,1,1,2
12,4,5437,5,3,2
41,1,635,1,1,1
21,2,2292,2,1,1
15,2,6041,4,1,2
12,8,14409,5,5,5
22,4,2771,2,3,1
18,4,5208,3,3,2
14,1,5298,4,1,2
15,3,4106,4,2,2
11,6,14317,5,4,5
16,4,3970,3,3,2
11,4,3987,5,3,2
18,4,13142,3,3,4
40,2,6909,1,1,3
17,6,8200,3,4,3
12,5,9700,5,4,4
11,10,17272,5,5,5
0,6,16257,5,4,5
34,1,4406,1,1,2
24,5,4256,2,4,2
14,3,9575,4,2,3
11,3,8020,5,2,3
15,4,11698,4,3,4
14,5,2997,4,4,1
18,3,4256,3,2,2
17,3,12932,3,2,4
14,1,965,4,1,1
13,3,643,4,2,1
18,1,4844,3,1,2
24,3,7032,2,2,3
17,5,10434,3,4,4
18,4,3864,3,3,2
15,4,18938,4,3,5
13,4,6931,4,3,3
27,3,10659,1,2,4
31,6,15974,1,4,5
28,7,16961,1,5,5
11,6,8548,5,4,3
12,4,10762,5,3,4
13,2,3771,4,1,1
11,2,8552,5,1,3
8,3,5880,5,2,2
18,4,11840,3,3,4
16,7,4500,3,5,2
32,3,10139,1,2,4
26,2,9498,1,1,3
33,2,5013,1,1,2
15,3,7015,4,2,3
10,5,9041,5,4,3
25,3,15056,2,2,5
28,6,9668,1,4,4
24,4,4199,2,3,2
19,1,3703,2,1,1
15,2,8511,4,1,3
12,3,7479,5,2,3
28,2,3794,1,1,1
9,8,15688,5,5,5
14,7,17402,4,5,5
6,1,2512,5,1,1
28,1,243,1,1,1
32,2,1653,1,1,1
6,1,3964,5,1,2
23,2,8014,2,1,3
22,6,12343,2,4,4
25,4,8802,2,3,3
17,7,20856,3,5,5
11,4,5073,5,3,2
11,2,1379,5,1,1
13,6,21897,4,4,5
14,2,6614,4,1,3
30,3,7696,1,2,3
15,2,1987,4,1,1
14,5,4657,4,4,2
17,5,11193,3,4,4
28,3,6889,1,2,3
21,3,11978,2,2,4
10,11,16810,5,5,5
35,3,1969,1,2,1
18,7,10488,3,5,4
14,9,14241,4,5,5
25,3,6802,2,2,3
19,8,19047,2,5,5
23,1,6381,2,1,2
13,4,8757,4,3,3
14,4,10490,4,3,4
13,4,7428,4,3,3
13,3,8172,4,2,3
25,6,11982,2,4,4
18,3,7375,3,2,3
12,3,8743,5,2,3
25,4,8227,2,3,3
11,9,29299,5,5,5
21,4,1408,2,3,1
21,3,3440,2,2,1
14,5,9215,4,4,3
2,7,17765,5,5,5
12,6,11931,5,4,4
18,7,8133,3,5,3
11,6,12777,5,4,4
21,3,5578,2,2,2
4,5,12688,5,4,4
22,4,15411,2,3,5
13,5,19682,4,4,5
12,5,16570,5,4,5
14,2,7087,4,1,3
13,3,11662,4,2,4
17,7,21966,3,5,5
14,5,15780,4,4,5
14,4,11444,4,3,4
15,2,4166,4,1,2
27,1,1521,1,1,1
13,4,9258,4,3,3
1,2,2084,5,1,1
29,3,7659,1,2,3
18,4,10998,3,3,4
25,4,3045,2,3,1
16,3,4915,3,2,2
39,1,2537,1,1,1
26,1,1438,1,1,1
12,4,7639,5,3,3
20,4,9845,2,3,4
20,4,16169,2,3,5
18,4,13603,3,3,4
12,3,14138,5,2,5
5,3,6359,5,2,2
33,1,1200,1,1,1
15,6,5386,4,4,2
21,3,10456,2,2,4
14,6,9700,4,4,4
12,5,9003,5,4,3
5,10,3407,5,5,1
39,1,523,1,1,1
22,4,8477,2,3,3
16,4,10651,3,3,4
16,2,6660,3,1,3
15,2,5795,4,1,2
11,5,20357,5,4,5
38,2,8843,1,1,3
14,3,6428,4,2,2
16,3,4623,3,2,2
22,5,6676,2,4,3
25,3,8338,2,2,3
27,2,7245,1,1,3
15,5,14283,4,4,5
18,4,10864,3,3,4
25,3,3816,2,2,1
19,4,9709,2,3,4
12,5,12272,5,4,4
11,2,1192,5,1,1
19,3,6466,2,2,2
15,5,5995,4,4,2
14,6,15656,4,4,5
29,5,8708,1,4,3
15,2,2729,4,1,1
10,6,2826,5,4,1
12,5,14410,5,4,5
17,6,3895,3,4,2
27,6,7197,1,4,3
18,5,15277,3,4,5
16,3,17948,3,2,5
12,4,9554,5,3,3
16,5,11220,3,4,4
19,2,6886,2,1,3
16,5,4449,3,4,2
12,5,16382,5,4,5
20,5,10672,2,4,4
18,2,5145,3,1,2
24,3,14135,2,2,5
28,5,2412,1,4,1
30,7,1497,1,5,1
25,2,4466,2,1,2
30,5,10066,1,4,4
12,5,6583,5,4,2
14,2,3223,4,1,1
12,4,10096,5,3,4
12,5,10684,5,4,4
1,4,3894,5,3,2
27,4,8232,1,3,3
7,4,14096,5,3,5
12,3,11047,5,2,4
26,3,7070,1,2,3
16,7,19498,3,5,5
18,6,16472,3,4,5
24,3,4712,2,2,2
15,4,10359,4,3,4
13,5,10987,4,4,4
15,5,23348,4,4,5
39,1,2983,1,1,1
46,1,1439,1,1,1
19,5,21266,2,4,5
15,3,3312,4,2,1
18,3,14845,3,2,5
22,4,8948,2,3,3
19,8,25627,2,5,5
12,5,10927,5,4,4
15,4,4818,4,3,2
23,3,3771,2,2,1
18,3,9631,3,2,3
19,6,22203,2,4,5
15,4,12045,4,3,4
17,5,11238,3,4,4
25,2,5287,2,1,2
12,5,9900,5,4,4
14,3,4669,4,2,2
26,6,1312,1,4,1
13,3,3739,4,2,1
29,6,6806,1,4,3
12,5,7058,5,4,3
16,7,15037,3,5,5
28,2,5234,1,1,2
12,6,2246,5,4,1
15,4,7583,4,3,3
3,6,7024,5,4,3
15,5,14562,4,4,5
24,5,18263,2,4,5
15,6,16189,4,4,5
12,3,3306,5,2,1
19,6,18077,2,4,5
26,2,7711,1,1,3
27,2,7243,1,1,3
14,4,8183,4,3,3
22,4,9503,2,3,3
12,7,19876,5,5,5
12,3,11274,5,2,4
35,3,3814,1,2,1
21,5,8506,2,4,3
20,6,11899,2,4,4
14,3,6222,4,2,2
18,3,5881,3,2,2
17,4,6826,3,3,3
24,4,9856,2,3,4
28,1,1762,1,1,1
24,2,6370,2,1,2
15,4,14792,4,3,5
13,6,15137,4,4,5
16,3,12973,3,2,4
10,4,13672,5,3,4
16,6,8254,3,4,3
11,4,1952,5,3,1
10,4,9662,5,3,4
13,7,16113,4,5,5
17,6,12200,3,4,4
12,7,18633,5,5,5
41,1,6630,1,1,3
17,2,1301,3,1,1
25,2,4804,2,1,2
18,3,4331,3,2,2
15,6,7175,4,4,3
12,3,5994,5,2,2
23,3,8189,2,2,3
16,4,6841,3,3,3
36,3,7407,1,2,3
15,8,14651,4,5,5
18,5,11209,3,4,4
19,3,12391,2,2,4
13,4,6937,4,3,3
15,4,7451,4,3,3
17,3,2721,3,2,1
12,2,4287,5,1,2
14,3,9895,4,2,4
18,3,6780,3,2,3
11,4,3728,5,3,1
22,5,8610,2,4,3
13,5,10494,4,4,4
13,3,12916,4,2,4
22,1,2960,2,1,1
17,3,7876,3,2,3
21,4,9602,2,3,3
30,2,1561,1,1,1
13,3,8795,4,2,3
34,1,1367,1,1,1
11,9,12337,5,5,4
12,5,11177,5,4,4
41,4,9005,1,3,3
21,6,19959,2,4,5
0,1,2943,5,1,1
13,6,21164,4,4,5
19,3,9190,2,2,3
13,8,15068,4,5,5
2,4,2070,5,3,1
12,6,14885,5,4,5
11,4,5047,5,3,2
21,4,9915,2,3,4
23,2,1630,2,1,1
5,10,20649,5,5,5
12,12,31119,5,5,5
26,4,1108,1,3,1
33,2,2762,1,1,1
25,5,13704,2,4,4
12,5,15822,5,4,5
18,3,4874,3,2,2
22,6,17386,2,4,5
11,5,25006,5,4,5
5,4,12761,5,3,4
12,4,9083,5,3,3
12,7,15681,5,5,5
26,3,2740,1,2,1
18,1,5352,3,1,2
5,2,5738,5,1,2
15,3,990,4,2,1
24,3,3124,2,2,1
12,2,1751,5,1,1
13,3,11274,4,2,4
19,8,16348,2,5,5
21,4,7680,2,3,3
45,1,8204,1,1,3
17,4,8855,3,3,3
14,5,3548,4,4,1
10,2,6115,5,1,2
31,6,14430,1,4,5
2,6,4112,5,4,2
35,4,9169,1,3,3
14,7,10316,4,5,4
41,1,724,1,1,1
14,3,2171,4,2,1
29,3,3425,1,2,1
11,2,3047,5,1,1
22,10,16684,2,5,5
15,5,15369,4,4,5
11,7,22870,5,5,5
26,2,4175,1,1,2
37,2,4092,1,1,2
0,3,4142,5,2,2
18,6,5574,3,4,2
13,4,5497,4,3,2
13,4,8624,4,3,3
11,3,3981,5,2,2
20,1,4053,2,1,2
11,2,2375,5,1,1
12,5,13888,5,4,5
12,5,7226,5,4,3
19,1,719,2,1,1
25,2,4320,2,1,2
11,10,27643,5,5,5
26,3,9105,1,2,3
20,3,4919,2,2,2
21,5,13475,2,4,4
24,3,6709,2,2,3
13,4,7024,4,3,3
23,6,4461,2,4,2
20,3,4552,2,2,2
16,3,2373,3,2,1
12,3,3928,5,2,2
20,3,17426,2,2,5
19,2,1328,2,1,1
15,2,7627,4,1,3
14,7,18020,4,5,5
11,4,8949,5,3,3
17,3,6048,3,2,2
0,4,6492,5,3,2
13,7,20434,4,5,5
24,4,14209,2,3,5
5,6,8935,5,4,3
39,1,4816,1,1,2
13,3,9094,4,2,3
41,3,3450,1,2,1
32,1,1060,1,1,1
18,3,13441,3,2,4
13,5,1929,4,4,1
38,1,6110,1,1,2
29,3,901,1,2,1
1,6,13124,5,4,4
16,6,17973,3,4,5
33,4,3173,1,3,1
16,3,8936,3,2,3
12,3,6494,5,2,2
17,2,1697,3,1,1
16,5,10878,3,4,4
28,6,9137,1,4,3
16,5,11149,3,4,4
15,1,437,4,1,1
13,6,18304,4,4,5
23,3,7859,2,2,3
11,5,13842,5,4,5
25,3,9887,2,2,4
21,2,4163,2,1,2
18,7,17828,3,5,5
6,4,18717,5,3,5
14,3,16249,4,2,5
36,2,8559,1,1,3
46,1,3657,1,1,1
41,3,5558,1,2,2
12,2,2828,5,1,1
14,4,3836,4,3,2
37,4,2377,1,3,1
12,4,16719,5,3,5
30,1,388,1,1,1
20,2,4102,2,1,2
16,9,5004,3,5,2
15,2,7928,4,1,3
13,2,3675,4,1,1
24,4,12120,2,3,4
21,7,20043,2,5,5
12,6,12204,5,4,4
18,2,621,3,1,1
15,2,6026,4,1,2
27,3,11780,1,2,4
33,1,2307,1,1,1
10,8,19641,5,5,5
12,3,476,5,2,1
12,7,8186,5,5,3
22,4,4392,2,3,2
26,2,6958,1,1,3
22,3,8005,2,2,3
16,3,10598,3,2,4
18,5,11890,3,4,4
18,2,3202,3,1,1
12,4,4852,5,3,2
10,5,10224,5,4,4
27,5,2759,1,4,1
11,7,13033,5,5,4
15,4,7245,4,3,3
15,3,8111,4,2,3
21,3,8554,2,2,3
14,5,14957,4,4,5
18,7,14116,3,5,5
33,2,5750,1,1,2
13,6,3279,4,4,1
37,5,13585,1,4,4
18,2,6294,3,1,2
37,2,2424,1,1,1
12,6,8460,5,4,3
40,2,2928,1,1,1
25,6,19369,2,4,5
23,3,6340,2,2,2
37,1,945,1,1,1
19,4,10522,2,3,4
22,6,19245,2,4,5
14,7,15683,4,5,5
20,4,17251,2,3,5
21,6,20625,2,4,5
13,3,7413,4,2,3
16,6,14508,3,4,5
14,10,14829,4,5,5
13,6,11087,4,4,4
23,4,17001,2,3,5
15,9,11427,4,5,4
37,2,9828,1,1,4
18,3,9326,3,2,3
40,3,3403,1,2,1
17,4,18064,3,3,5
16,4,6692,3,3,3
10,2,3064,5,1,1
26,5,3591,1,4,1
9,8,15254,5,5,5
11,6,13568,5,4,4
12,10,25501,5,5,5
26,2,7369,1,1,3
26,6,6549,1,4,2
23,3,5645,2,2,2
21,3,5738,2,2,2
20,3,13389,2,2,4
18,2,2085,3,1,1
17,6,13551,3,4,4
13,5,4456,4,4,2
13,7,16860,4,5,5
13,4,2945,4,3,1
24,5,9844,2,4,4
15,5,9772,4,4,4
23,4,13482,2,3,4
24,3,5712,2,2,2
37,3,7248,1,2,3
18,6,14472,3,4,5
27,6,10632,1,4,4
17,4,14020,3,3,5
2,3,2238,5,2,1
15,6,18408,4,4,5
11,3,4615,5,2,2
23,7,10994,2,5,4
11,4,12427,5,3,4
14,5,14738,4,4,5
3,5,13181,5,4,4
37,3,12669,1,2,4
13,5,20862,4,4,5
21,3,11750,2,2,4
11,7,10115,5,5,4
1,3,9346,5,2,3
39,4,6818,1,3,3
43,1,1307,1,1,1
14,6,10741,4,4,4
12,6,1938,5,4,1
17,6,1524,3,4,1
22,3,9918,2,2,4
15,3,3461,4,2,1
13,3,1266,4,2,1
20,7,8943,2,5,3
13,7,24155,4,5,5
20,5,3800,2,4,1
16,3,519,3,2,1
28,5,6873,1,4,3
15,4,5629,4,3,2
21,5,6485,2,4,2
19,5,6290,2,4,2
15,5,12275,4,4,4
19,9,18012,2,5,5
9,4,19709,5,3,5
12,3,11882,5,2,4
27,3,1677,1,2,1
13,5,5796,4,4,2
21,2,5747,2,1,2
10,2,835,5,1,1
33,1,4080,1,1,2
13,5,9358,4,4,3
26,3,6215,1,2,2
12,9,5410,5,5,2
11,7,13517,5,5,4
14,2,6283,4,1,2
16,3,10888,3,2,4
16,4,9299,3,3,3
20,3,10638,2,2,4
15,2,5023,4,1,2
15,4,10093,4,3,4
19,3,4562,2,2,2
41,5,7113,1,4,3
14,4,8236,4,3,3
11,10,17072,5,5,5
20,7,12425,2,5,4
15,5,7496,4,4,3
20,5,15777,2,4,5
13,4,12990,4,3,4
25,6,13722,2,4,5
11,6,10003,5,4,4
12,3,10100,5,2,4
19,2,9083,2,1,3
27,1,1352,1,1,1
19,3,3718,2,2,1
15,4,8968,4,3,3
15,3,9655,4,2,4
19,5,13647,2,4,4
20,4,11611,2,3,4
18,4,12820,3,3,4
10,9,21782,5,5,5
30,1,2506,1,1,1
15,4,4960,4,3,2
18,3,8853,3,2,3
11,5,15837,5,4,5
11,4,7702,5,3,3
13,6,10704,4,4,4
25,4,13336,2,3,4
36,1,2298,1,1,1
19,5,19698,2,4,5
21,5,16712,2,4,5
13,6,10066,4,4,4
13,5,8806,4,4,3
22,3,6972,2,2,3
15,2,4424,4,1,2
11,7,16463,5,5,5
31,2,7758,1,1,3
14,5,12653,4,4,4
10,5,3496,5,4,1
13,3,11347,4,2,4
16,3,7651,3,2,3
15,3,7710,4,2,3
24,3,2098,2,2,1
12,6,14422,5,4,5
4,6,13946,5,4,5
36,1,997,1,1,1
0,9,20178,5,5,5
11,8,16218,5,5,5
23,3,9323,2,2,3
12,8,15485,5,5,5
17,6,6150,3,4,2
13,4,7477,4,3,3
11,7,4085,5,5,2
11,5,735,5,4,1
11,5,20523,5,4,5
13,3,235,4,2,1
29,1,393,1,1,1
16,4,11290,3,3,4
34,2,4460,1,1,2
27,1,1207,1,1,1
20,8,20133,2,5,5
23,3,10836,2,2,4
0,2,4316,5,1,2
18,7,16096,3,5,5
13,4,2865,4,3,1
18,3,13660,3,2,4
13,4,9927,4,3,4
43,1,1103,1,1,1
30,2,2968,1,1,1
13,3,6912,4,2,3
10,9,7602,5,5,3
21,1,6712,2,1,3
1,3,1429,5,2,1
27,2,2789,1,1,1
16,4,17562,3,3,5
13,9,14915,4,5,5
18,3,4288,3,2,2
16,5,16825,3,4,5
18,5,23953,3,4,5
11,8,11120,5,5,4
16,7,18123,3,5,5
18,5,6417,3,4,2
12,6,14250,5,4,5
17,4,8617,3,3,3
37,1,1748,1,1,1
1,4,11564,5,3,4
18,5,8283,3,4,3
13,5,13604,4,4,4
19,4,4412,2,3,2
13,5,5904,4,4,2
11,3,8637,5,2,3
11,7,7803,5,5,3
11,7,7757,5,5,3
27,2,1362,1,1,1
23,3,2991,2,2,1
11,1,249,5,1,1
12,3,8413,5,2,3
22,4,9810,2,3,4
25,2,1392,2,1,1
41,1,2519,1,1,1
11,2,8938,5,1,3
19,5,6246,2,4,2
19,2,4427,2,1,2
24,3,6612,2,2,3
11,9,30512,5,5,5
13,10,4733,4,5,2
17,3,7764,3,2,3
11,7,3187,5,5,1
14,4,15615,4,3,5
11,7,11441,5,5,4
20,6,16502,2,4,5
38,2,2196,1,1,1
15,3,11119,4,2,4
23,2,1089,2,1,1
13,5,8843,4,4,3
24,3,2723,2,2,1
14,1,468,4,1,1
4,9,6712,5,5,3
15,2,6400,4,1,2
21,5,8866,2,4,3
5,4,7236,5,3,3
20,2,1766,2,1,1
3,6,13212,5,4,4
13,3,17287,4,2,5
1,1,649,5,1,1
16,4,10046,3,3,4
13,2,3921,4,1,2
13,5,8851,4,4,3
16,6,27721,3,4,5
22,5,17169,2,4,5
4,9,18033,5,5,5
12,5,8067,5,4,3
22,4,15195,2,3,5
4,5,13736,5,4,5
15,9,13715,4,5,5
21,2,6763,2,1,3
25,4,11699,2,3,4
11,2,12086,5,1,4
19,4,17495,2,3,5
15,4,11512,4,3,4
29,3,10244,1,2,4
15,5,14046,4,4,5
14,6,16149,4,4,5
14,3,7085,4,2,3
19,2,3568,2,1,1
13,4,8421,4,3,3
20,4,17836,2,3,5
13,3,9498,4,2,3
9,6,13494,5,4,4
18,2,6616,3,1,3
10,6,15805,5,4,5
1,9,8270,5,5,3
14,2,12296,4,1,4
18,4,4574,3,3,2
12,7,16815,5,5,5
12,2,2192,5,1,1
12,4,8330,5,3,3
28,4,8696,1,3,3
13,6,18622,4,4,5
19,4,6516,2,3,2
41,3,6343,1,2,2
46,1,6104,1,1,2
15,3,2056,4,2,1
10,4,7830,5,3,3
24,1,2337,2,1,1
6,9,23959,5,5,5
28,4,5938,1,3,2
36,3,10336,1,2,4
20,3,1432,2,2,1
11,5,7379,5,4,3
18,2,5003,3,1,2
11,7,14781,5,5,5
15,4,9993,4,3,4
13,5,9131,4,4,3
7,2,6479,5,1,2
27,3,5608,1,2,2
13,5,2549,4,4,1
29,5,4753,1,4,2
13,4,14520,4,3,5
12,11,25832,5,5,5
39,3,10014,1,2,4
16,4,11805,3,3,4
24,5,10546,2,4,4
13,5,7923,4,4,3
16,5,4949,3,4,2
17,2,5969,3,1,2
4,5,10666,5,4,4
11,7,5995,5,5,2
27,4,3634,1,3,1
12,3,4300,5,2,2
40,1,1049,1,1,1
21,5,15457,2,4,5
21,6,7914,2,4,3
15,5,2168,4,4,1
19,3,6609,2,2,2
1,4,9758,5,3,4
23,3,4292,2,2,2
38,1,679,1,1,1
17,9,10941,3,5,4
35,1,6364,1,1,2
16,3,5532,3,2,2
15,4,16240,4,3,5
4,1,411,5,1,1
14,8,12484,4,5,4
0,3,8258,5,2,3
16,4,4085,3,3,2
15,7,10577,4,5,4
23,3,6738,2,2,3
13,7,10505,4,5,4
39,2,4456,1,1,2
18,4,2722,3,3,1
14,6,11349,4,4,4
22,3,14978,2,2,5
30,1,4101,1,1,2
5,5,4034,5,4,2
19,1,4900,2,1,2
36,1,2850,1,1,1
45,1,1562,1,1,1
9,10,29777,5,5,5
18,4,6370,3,3,2
17,7,18691,3,5,5
16,5,11546,3,4,4
7,5,12962,5,4,4
12,4,14547,5,3,5
22,4,9465,2,3,3
47,1,454,1,1,1
38,1,4770,1,1,2
12,6,15887,5,4,5
47,1,459,1,1,1
24,3,11935,2,2,4
17,4,6838,3,3,3
19,2,6946,2,1,3
12,7,11433,5,5,4
32,3,10061,1,2,4
13,6,14053,4,4,5
25,2,2497,2,1,1
12,1,1728,5,1,1
38,1,404,1,1,1
2,11,33158,5,5,5
11,8,24991,5,5,5
29,2,2756,1,1,1
11,9,10669,5,5,4
13,8,19551,4,5,5
32,3,12284,1,2,4
34,6,14308,1,4,5
24,3,5370,2,2,2
5,4,4785,5,3,2
22,2,6285,2,1,2
14,7,25561,4,5,5
18,2,1086,3,1,1
13,3,5827,4,2,2
14,3,3222,4,2,1
13,9,18758,4,5,5
12,2,2827,5,1,1
13,3,6397,4,2,2
15,1,500,4,1,1
11,3,9950,5,2,4
29,2,6989,1,1,3
14,3,5232,4,2,2
9,2,4152,5,1,2
23,4,5705,2,3,2
10,6,21196,5,4,5
12,4,4722,5,3,2
10,4,8326,5,3,3
12,5,4101,5,4,2
20,4,7257,2,3,3
11,6,11162,5,4,4
16,4,5433,3,3,2
44,1,967,1,1,1
10,2,2373,5,1,1
18,4,5480,3,3,2
16,5,8893,3,4,3
21,4,10821,2,3,4
13,3,4742,4,2,2
25,4,10469,2,3,4
16,4,1236,3,3,1
6,2,3310,5,1,1
27,4,10566,1,3,4
16,1,3699,3,1,1
16,5,13053,3,4,4
22,8,25424,2,5,5
13,6,15327,4,4,5
30,1,6442,1,1,2
11,5,15624,5,4,5
11,4,7421,5,3,3
10,7,11308,5,5,4
17,3,9484,3,2,3
12,4,12457,5,3,4
40,1,216,1,1,1
27,5,11978,1,4,4
28,7,25777,1,5,5
26,6,19526,1,4,5
12,2,2460,5,1,1
19,7,5746,2,5,2
20,3,4239,2,2,2
20,2,2892,2,1,1
7,2,8232,5,1,3
26,4,11227,1,3,4
21,2,4390,2,1,2
16,8,11457,3,5,4
21,3,5337,2,2,2
17,3,257,3,2,1
12,3,17643,5,2,5
13,6,8855,4,4,3
29,3,11798,1,2,4
15,3,6017,4,2,2
31,1,5298,1,1,2
13,6,18598,4,4,5
17,3,3310,3,2,1
19,4,15005,2,3,5
26,5,5824,1,4,2
12,2,2032,5,1,1
41,1,468,1,1,1
5,4,5595,5,3,2
21,4,5573,2,3,2
11,1,488,5,1,1
12,4,16061,5,3,5
22,1,2249,2,1,1
17,6,8938,3,4,3
22,4,10543,2,3,4
11,6,11880,5,4,4
17,4,8647,3,3,3
12,3,14700,5,2,5
11,4,12161,5,3,4
15,3,1803,4,2,1
17,4,7403,3,3,3
12,6,19832,5,4,5
13,2,8817,4,1,3
11,3,9946,5,2,4
27,6,5627,1,4,2
22,2,4249,2,1,2
13,3,2331,4,2,1
16,8,6537,3,5,2
5,4,9945,5,3,4
20,4,7388,2,3,3
23,4,6868,2,3,3
26,6,8462,1,4,3
9,7,16831,5,5,5
21,9,16124,2,5,5
14,4,10873,4,3,4
16,4,12973,3,3,4
8,6,15767,5,4,5
15,3,5858,4,2,2
37,1,1320,1,1,1
16,9,15464,3,5,5
23,4,2123,2,3,1
23,1,1509,2,1,1
5,3,13334,5,2,4
29,2,13155,1,1,4
10,5,8004,5,4,3
23,4,2334,2,3,1
14,5,4057,4,4,2
15,3,6014,4,2,2
11,7,19137,5,5,5
23,5,8958,2,4,3
22,1,2095,2,1,1
20,6,10987,2,4,4
21,7,5227,2,5,2
31,3,5953,1,2,2
29,1,2791,1,1,1
42,1,1259,1,1,1
13,2,2309,4,1,1
15,3,3551,4,2,1
11,11,20362,5,5,5
6,3,9678,5,2,4
11,5,3942,5,4,2
13,5,11538,4,4,4
29,4,10184,1,3,4
10,6,7505,5,4,3
16,3,9389,3,2,3
18,2,3049,3,1,1
22,2,2610,2,1,1
22,4,7353,2,3,3
29,1,472,1,1,1
15,4,9169,4,3,3
10,4,8917,5,3,3
35,3,15691,1,2,5
19,5,10879,2,4,4
14,3,7379,4,2,3
20,5,3202,2,4,1
20,3,5806,2,2,2
23,3,9091,2,2,3
0,4,6807,5,3,3
11,5,5185,5,4,2
16,3,723,3,2,1
22,5,3701,2,4,1
2,6,6985,5,4,3
14,4,6480,4,3,2
43,3,4117,1,2,2
13,4,11433,4,3,4
25,4,2075,2,3,1
13,6,18177,4,4,5
32,2,1710,1,1,1
13,4,7168,4,3,3
23,7,11337,2,5,4
15,5,8245,4,4,3
14,3,3036,4,2,1
26,3,17440,1,2,5
16,5,8642,3,4,3
18,4,11867,3,3,4
7,7,13610,5,5,4
16,3,12146,3,2,4
19,3,10751,2,2,4
13,3,10630,4,2,4
20,4,7873,2,3,3
12,6,7822,5,4,3
25,3,5867,2,2,2
23,3,4789,2,2,2
12,6,7841,5,4,3
8,3,12336,5,2,4
11,3,11690,5,2,4
25,3,1901,2,2,1
13,2,1475,4,1,1
5,7,6979,5,5,3
40,2,5229,1,1,2
12,5,11799,5,4,4
25,4,2089,2,3,1
11,5,7842,5,4,3
24,2,4779,2,1,2
15,4,6554,4,3,2
11,6,2177,5,4,1
17,7,11395,3,5,4
18,3,8375,3,2,3
17,3,8078,3,2,3
34,3,3816,1,2,1
15,2,4629,4,1,2
12,7,10729,5,5,4
8,8,17222,5,5,5
15,5,16433,4,4,5
4,8,10557,5,5,4
23,2,1349,2,1,1
16,5,2159,3,4,1
14,4,5968,4,3,2
12,5,14525,5,4,5
20,2,10939,2,1,4
11,5,14885,5,4,5
23,2,9358,2,1,3
20,3,11107,2,2,4
41,1,152,1,1,1
32,2,4258,1,1,2
14,4,2633,4,3,1
17,4,6594,3,3,2
0,5,7020,5,4,3
15,4,1706,4,3,1
19,5,4658,2,4,2
16,7,7243,3,5,3
34,2,5843,1,1,2
12,12,24898,5,5,5
20,1,4339,2,1,2
21,5,12574,2,4,4
18,5,442,3,4,1
34,2,5078,1,1,2
40,2,3815,1,1,1
21,3,3252,2,2,1
